scenario_id,timestamp_local,interval_minutes,temperature_c,relative_humidity_pct,heat_index_c,solar_irradiance_w_m2,solar_available_kw,occupancy_count,grid_available,tariff_type,tariff_pkr_per_kwh,grid_carbon_kgco2_per_kwh,non_cooling_load_kw,source_missing_flag
custom_hospital_karachi,2026-07-01T00:00:00,15,28.00,75,28.00,0,0.00,50,1,OFF_PEAK,18.0,0.45,10,0
custom_hospital_karachi,2026-07-01T00:15:00,15,28.00,75,28.00,0,0.00,50,1,OFF_PEAK,18.0,0.45,10,0
custom_hospital_karachi,2026-07-01T00:30:00,15,28.00,75,28.00,0,0.00,50,1,OFF_PEAK,18.0,0.45,10,0
custom_hospital_karachi,2026-07-01T00:45:00,15,28.00,75,28.00,0,0.00,50,1,OFF_PEAK,18.0,0.45,10,0
custom_hospital_karachi,2026-07-01T01:00:00,15,28.00,75,28.00,0,0.00,50,1,OFF_PEAK,18.0,0.45,10,0
custom_hospital_karachi,2026-07-01T01:15:00,15,28.00,75,28.00,0,0.00,50,1,OFF_PEAK,18.0,0.45,10,0
custom_hospital_karachi,2026-07-01T01:30:00,15,28.00,75,28.00,0,0.00,50,1,OFF_PEAK,18.0,0.45,10,0
custom_hospital_karachi,2026-07-01T01:45:00,15,28.00,75,28.00,0,0.00,50,1,OFF_PEAK,18.0,0.45,10,0
custom_hospital_karachi,2026-07-01T02:00:00,15,28.00,75,28.00,0,0.00,50,1,OFF_PEAK,18.0,0.45,10,0
custom_hospital_karachi,2026-07-01T02:15:00,15,28.00,75,28.00,0,0.00,50,1,OFF_PEAK,18.0,0.45,10,0
custom_hospital_karachi,2026-07-01T02:30:00,15,28.00,75,28.00,0,0.00,50,1,OFF_PEAK,18.0,0.45,10,0
custom_hospital_karachi,2026-07-01T02:45:00,15,28.00,75,28.00,0,0.00,50,1,OFF_PEAK,18.0,0.45,10,0
custom_hospital_karachi,2026-07-01T03:00:00,15,28.00,75,28.00,0,0.00,50,1,OFF_PEAK,18.0,0.45,10,0
custom_hospital_karachi,2026-07-01T03:15:00,15,28.00,75,28.00,0,0.00,50,1,OFF_PEAK,18.0,0.45,10,0
custom_hospital_karachi,2026-07-01T03:30:00,15,28.00,75,28.00,0,0.00,50,1,OFF_PEAK,18.0,0.45,10,0
custom_hospital_karachi,2026-07-01T03:45:00,15,28.00,75,28.00,0,0.00,50,1,OFF_PEAK,18.0,0.45,10,0
custom_hospital_karachi,2026-07-01T04:00:00,15,28.00,75,28.00,0,0.00,50,1,OFF_PEAK,18.0,0.45,10,0
custom_hospital_karachi,2026-07-01T04:15:00,15,28.00,75,28.00,0,0.00,50,1,OFF_PEAK,18.0,0.45,10,0
custom_hospital_karachi,2026-07-01T04:30:00,15,28.00,75,28.00,0,0.00,50,1,OFF_PEAK,18.0,0.45,10,0
custom_hospital_karachi,2026-07-01T04:45:00,15,28.00,75,28.00,0,0.00,50,1,OFF_PEAK,18.0,0.45,10,0
custom_hospital_karachi,2026-07-01T05:00:00,15,28.00,75,28.00,0,0.00,50,1,OFF_PEAK,18.0,0.45,10,0
custom_hospital_karachi,2026-07-01T05:15:00,15,28.00,75,28.00,0,0.00,50,1,OFF_PEAK,18.0,0.45,10,0
custom_hospital_karachi,2026-07-01T05:30:00,15,28.00,75,28.00,0,0.00,50,1,OFF_PEAK,18.0,0.45,10,0
custom_hospital_karachi,2026-07-01T05:45:00,15,28.00,75,28.00,0,0.00,50,1,OFF_PEAK,18.0,0.45,10,0
custom_hospital_karachi,2026-07-01T06:00:00,15,28.00,75,28.00,0,0.00,200,1,ON_PEAK,32.0,0.45,10,0
custom_hospital_karachi,2026-07-01T06:15:00,15,28.73,74,28.90,48,0.48,200,1,ON_PEAK,32.0,0.45,10,0
custom_hospital_karachi,2026-07-01T06:30:00,15,29.46,73,29.79,96,0.96,200,1,ON_PEAK,32.0,0.45,10,0
custom_hospital_karachi,2026-07-01T06:45:00,15,30.18,72,30.68,144,1.44,200,1,ON_PEAK,32.0,0.45,10,0
custom_hospital_karachi,2026-07-01T07:00:00,15,30.89,71,31.56,191,1.91,200,1,ON_PEAK,32.0,0.45,10,0
custom_hospital_karachi,2026-07-01T07:15:00,15,31.60,69,32.43,238,2.38,200,1,ON_PEAK,32.0,0.45,10,0
custom_hospital_karachi,2026-07-01T07:30:00,15,32.29,68,33.28,284,2.84,200,1,ON_PEAK,32.0,0.45,10,0
custom_hospital_karachi,2026-07-01T07:45:00,15,32.97,67,34.12,328,3.28,200,1,ON_PEAK,32.0,0.45,10,0
custom_hospital_karachi,2026-07-01T08:00:00,15,33.64,66,34.94,372,3.72,200,1,ON_PEAK,32.0,0.45,10,0
custom_hospital_karachi,2026-07-01T08:15:00,15,34.29,65,35.74,414,4.14,200,1,ON_PEAK,32.0,0.45,10,0
custom_hospital_karachi,2026-07-01T08:30:00,15,34.92,64,36.51,454,4.54,200,1,ON_PEAK,32.0,0.45,10,0
custom_hospital_karachi,2026-07-01T08:45:00,15,35.52,63,37.26,493,4.93,200,1,ON_PEAK,32.0,0.45,10,0
custom_hospital_karachi,2026-07-01T09:00:00,15,36.11,63,37.98,530,5.30,200,1,ON_PEAK,32.0,0.45,10,0
custom_hospital_karachi,2026-07-01T09:15:00,15,36.66,62,38.66,566,5.66,200,1,ON_PEAK,32.0,0.45,10,0
custom_hospital_karachi,2026-07-01T09:30:00,15,37.19,61,39.31,599,5.99,200,1,ON_PEAK,32.0,0.45,10,0
custom_hospital_karachi,2026-07-01T09:45:00,15,37.69,60,39.93,630,6.30,200,1,ON_PEAK,32.0,0.45,10,0
custom_hospital_karachi,2026-07-01T10:00:00,15,38.16,59,40.51,658,6.58,200,1,ON_PEAK,32.0,0.45,10,0
custom_hospital_karachi,2026-07-01T10:15:00,15,38.60,59,41.05,685,6.85,200,1,ON_PEAK,32.0,0.45,10,0
custom_hospital_karachi,2026-07-01T10:30:00,15,39.01,58,41.55,708,7.08,200,1,ON_PEAK,32.0,0.45,10,0
custom_hospital_karachi,2026-07-01T10:45:00,15,39.38,57,42.00,730,7.30,200,1,ON_PEAK,32.0,0.45,10,0
custom_hospital_karachi,2026-07-01T11:00:00,15,39.71,57,42.42,748,7.48,200,1,ON_PEAK,32.0,0.45,10,0
custom_hospital_karachi,2026-07-01T11:15:00,15,40.01,57,42.78,764,7.64,200,1,ON_PEAK,32.0,0.45,10,0
custom_hospital_karachi,2026-07-01T11:30:00,15,40.27,56,43.10,777,7.77,200,1,ON_PEAK,32.0,0.45,10,0
custom_hospital_karachi,2026-07-01T11:45:00,15,40.49,56,43.37,787,7.87,200,1,ON_PEAK,32.0,0.45,10,0
custom_hospital_karachi,2026-07-01T12:00:00,15,40.67,56,43.60,794,7.94,200,1,ON_PEAK,32.0,0.45,10,0
custom_hospital_karachi,2026-07-01T12:15:00,15,40.82,55,43.77,799,7.99,200,1,ON_PEAK,32.0,0.45,10,0
custom_hospital_karachi,2026-07-01T12:30:00,15,40.92,55,43.90,800,8.00,200,1,ON_PEAK,32.0,0.45,10,0
custom_hospital_karachi,2026-07-01T12:45:00,15,40.98,55,43.97,799,7.99,200,1,ON_PEAK,32.0,0.45,10,0
custom_hospital_karachi,2026-07-01T13:00:00,15,41.00,55,44.00,794,7.94,200,1,ON_PEAK,32.0,0.45,10,0
custom_hospital_karachi,2026-07-01T13:15:00,15,40.98,55,43.97,787,7.87,200,1,ON_PEAK,32.0,0.45,10,0
custom_hospital_karachi,2026-07-01T13:30:00,15,40.92,55,43.90,777,7.77,200,1,ON_PEAK,32.0,0.45,10,0
custom_hospital_karachi,2026-07-01T13:45:00,15,40.82,55,43.77,764,7.64,200,1,ON_PEAK,32.0,0.45,10,0
custom_hospital_karachi,2026-07-01T14:00:00,15,40.67,56,43.60,748,7.48,200,1,ON_PEAK,32.0,0.45,10,0
custom_hospital_karachi,2026-07-01T14:15:00,15,40.49,56,43.37,730,7.30,200,1,ON_PEAK,32.0,0.45,10,0
custom_hospital_karachi,2026-07-01T14:30:00,15,40.27,56,43.10,708,7.08,200,1,ON_PEAK,32.0,0.45,10,0
custom_hospital_karachi,2026-07-01T14:45:00,15,40.01,57,42.78,685,6.85,200,1,ON_PEAK,32.0,0.45,10,0
custom_hospital_karachi,2026-07-01T15:00:00,15,39.71,57,42.42,658,6.58,200,1,ON_PEAK,32.0,0.45,10,0
custom_hospital_karachi,2026-07-01T15:15:00,15,39.38,57,42.00,630,6.30,200,1,ON_PEAK,32.0,0.45,10,0
custom_hospital_karachi,2026-07-01T15:30:00,15,39.01,58,41.55,599,5.99,200,1,ON_PEAK,32.0,0.45,10,0
custom_hospital_karachi,2026-07-01T15:45:00,15,38.60,59,41.05,566,5.66,200,1,ON_PEAK,32.0,0.45,10,0
custom_hospital_karachi,2026-07-01T16:00:00,15,38.16,59,40.51,530,5.30,200,1,ON_PEAK,32.0,0.45,10,0
custom_hospital_karachi,2026-07-01T16:15:00,15,37.69,60,39.93,493,4.93,200,1,ON_PEAK,32.0,0.45,10,0
custom_hospital_karachi,2026-07-01T16:30:00,15,37.19,61,39.31,454,4.54,200,1,ON_PEAK,32.0,0.45,10,0
custom_hospital_karachi,2026-07-01T16:45:00,15,36.66,62,38.66,414,4.14,200,1,ON_PEAK,32.0,0.45,10,0
custom_hospital_karachi,2026-07-01T17:00:00,15,36.11,63,37.98,372,3.72,200,1,ON_PEAK,32.0,0.45,10,0
custom_hospital_karachi,2026-07-01T17:15:00,15,35.52,63,37.26,328,3.28,200,1,ON_PEAK,32.0,0.45,10,0
custom_hospital_karachi,2026-07-01T17:30:00,15,34.92,64,36.51,284,2.84,200,1,ON_PEAK,32.0,0.45,10,0
custom_hospital_karachi,2026-07-01T17:45:00,15,34.29,65,35.74,238,2.38,200,1,ON_PEAK,32.0,0.45,10,0
custom_hospital_karachi,2026-07-01T18:00:00,15,33.64,66,34.94,191,1.91,200,1,PEAK,45.0,0.45,10,0
custom_hospital_karachi,2026-07-01T18:15:00,15,32.97,67,34.12,144,1.44,200,1,PEAK,45.0,0.45,10,0
custom_hospital_karachi,2026-07-01T18:30:00,15,32.29,68,33.28,96,0.96,200,1,PEAK,45.0,0.45,10,0
custom_hospital_karachi,2026-07-01T18:45:00,15,31.60,69,32.43,48,0.48,200,1,PEAK,45.0,0.45,10,0
custom_hospital_karachi,2026-07-01T19:00:00,15,30.89,71,31.56,0,0.00,200,1,PEAK,45.0,0.45,10,0
custom_hospital_karachi,2026-07-01T19:15:00,15,30.18,72,30.68,0,0.00,200,1,PEAK,45.0,0.45,10,0
custom_hospital_karachi,2026-07-01T19:30:00,15,29.46,73,29.79,0,0.00,200,1,PEAK,45.0,0.45,10,0
custom_hospital_karachi,2026-07-01T19:45:00,15,28.73,74,28.90,0,0.00,200,1,PEAK,45.0,0.45,10,0
custom_hospital_karachi,2026-07-01T20:00:00,15,28.00,75,28.00,0,0.00,200,1,PEAK,45.0,0.45,10,0
custom_hospital_karachi,2026-07-01T20:15:00,15,28.00,75,28.00,0,0.00,200,1,PEAK,45.0,0.45,10,0
custom_hospital_karachi,2026-07-01T20:30:00,15,28.00,75,28.00,0,0.00,200,1,PEAK,45.0,0.45,10,0
custom_hospital_karachi,2026-07-01T20:45:00,15,28.00,75,28.00,0,0.00,200,1,PEAK,45.0,0.45,10,0
custom_hospital_karachi,2026-07-01T21:00:00,15,28.00,75,28.00,0,0.00,200,1,PEAK,45.0,0.45,10,0
custom_hospital_karachi,2026-07-01T21:15:00,15,28.00,75,28.00,0,0.00,200,1,PEAK,45.0,0.45,10,0
custom_hospital_karachi,2026-07-01T21:30:00,15,28.00,75,28.00,0,0.00,200,1,PEAK,45.0,0.45,10,0
custom_hospital_karachi,2026-07-01T21:45:00,15,28.00,75,28.00,0,0.00,200,1,PEAK,45.0,0.45,10,0
custom_hospital_karachi,2026-07-01T22:00:00,15,28.00,75,28.00,0,0.00,50,1,OFF_PEAK,18.0,0.45,10,0
custom_hospital_karachi,2026-07-01T22:15:00,15,28.00,75,28.00,0,0.00,50,1,OFF_PEAK,18.0,0.45,10,0
custom_hospital_karachi,2026-07-01T22:30:00,15,28.00,75,28.00,0,0.00,50,1,OFF_PEAK,18.0,0.45,10,0
custom_hospital_karachi,2026-07-01T22:45:00,15,28.00,75,28.00,0,0.00,50,1,OFF_PEAK,18.0,0.45,10,0
custom_hospital_karachi,2026-07-01T23:00:00,15,28.00,75,28.00,0,0.00,50,1,OFF_PEAK,18.0,0.45,10,0
custom_hospital_karachi,2026-07-01T23:15:00,15,28.00,75,28.00,0,0.00,50,1,OFF_PEAK,18.0,0.45,10,0
custom_hospital_karachi,2026-07-01T23:30:00,15,28.00,75,28.00,0,0.00,50,1,OFF_PEAK,18.0,0.45,10,0
custom_hospital_karachi,2026-07-01T23:45:00,15,28.00,75,28.00,0,0.00,50,1,OFF_PEAK,18.0,0.45,10,0
custom_hospital_karachi,2026-07-02T00:00:00,15,28.00,75,28.00,0,0.00,50,1,OFF_PEAK,18.0,0.45,10,0
custom_hospital_karachi,2026-07-02T00:15:00,15,28.00,75,28.00,0,0.00,50,1,OFF_PEAK,18.0,0.45,10,0
custom_hospital_karachi,2026-07-02T00:30:00,15,28.00,75,28.00,0,0.00,50,1,OFF_PEAK,18.0,0.45,10,0
custom_hospital_karachi,2026-07-02T00:45:00,15,28.00,75,28.00,0,0.00,50,1,OFF_PEAK,18.0,0.45,10,0
custom_hospital_karachi,2026-07-02T01:00:00,15,28.00,75,28.00,0,0.00,50,1,OFF_PEAK,18.0,0.45,10,0
custom_hospital_karachi,2026-07-02T01:15:00,15,28.00,75,28.00,0,0.00,50,1,OFF_PEAK,18.0,0.45,10,0
custom_hospital_karachi,2026-07-02T01:30:00,15,28.00,75,28.00,0,0.00,50,1,OFF_PEAK,18.0,0.45,10,0
custom_hospital_karachi,2026-07-02T01:45:00,15,28.00,75,28.00,0,0.00,50,1,OFF_PEAK,18.0,0.45,10,0
custom_hospital_karachi,2026-07-02T02:00:00,15,28.00,75,28.00,0,0.00,50,1,OFF_PEAK,18.0,0.45,10,0
custom_hospital_karachi,2026-07-02T02:15:00,15,28.00,75,28.00,0,0.00,50,1,OFF_PEAK,18.0,0.45,10,0
custom_hospital_karachi,2026-07-02T02:30:00,15,28.00,75,28.00,0,0.00,50,1,OFF_PEAK,18.0,0.45,10,0
custom_hospital_karachi,2026-07-02T02:45:00,15,28.00,75,28.00,0,0.00,50,1,OFF_PEAK,18.0,0.45,10,0
custom_hospital_karachi,2026-07-02T03:00:00,15,28.00,75,28.00,0,0.00,50,1,OFF_PEAK,18.0,0.45,10,0
custom_hospital_karachi,2026-07-02T03:15:00,15,28.00,75,28.00,0,0.00,50,1,OFF_PEAK,18.0,0.45,10,0
custom_hospital_karachi,2026-07-02T03:30:00,15,28.00,75,28.00,0,0.00,50,1,OFF_PEAK,18.0,0.45,10,0
custom_hospital_karachi,2026-07-02T03:45:00,15,28.00,75,28.00,0,0.00,50,1,OFF_PEAK,18.0,0.45,10,0
custom_hospital_karachi,2026-07-02T04:00:00,15,28.00,75,28.00,0,0.00,50,1,OFF_PEAK,18.0,0.45,10,0
custom_hospital_karachi,2026-07-02T04:15:00,15,28.00,75,28.00,0,0.00,50,1,OFF_PEAK,18.0,0.45,10,0
custom_hospital_karachi,2026-07-02T04:30:00,15,28.00,75,28.00,0,0.00,50,1,OFF_PEAK,18.0,0.45,10,0
custom_hospital_karachi,2026-07-02T04:45:00,15,28.00,75,28.00,0,0.00,50,1,OFF_PEAK,18.0,0.45,10,0
custom_hospital_karachi,2026-07-02T05:00:00,15,28.00,75,28.00,0,0.00,50,1,OFF_PEAK,18.0,0.45,10,0
custom_hospital_karachi,2026-07-02T05:15:00,15,28.00,75,28.00,0,0.00,50,1,OFF_PEAK,18.0,0.45,10,0
custom_hospital_karachi,2026-07-02T05:30:00,15,28.00,75,28.00,0,0.00,50,1,OFF_PEAK,18.0,0.45,10,0
custom_hospital_karachi,2026-07-02T05:45:00,15,28.00,75,28.00,0,0.00,50,1,OFF_PEAK,18.0,0.45,10,0
custom_hospital_karachi,2026-07-02T06:00:00,15,28.00,75,28.00,0,0.00,200,1,ON_PEAK,32.0,0.45,10,0
custom_hospital_karachi,2026-07-02T06:15:00,15,28.73,74,28.90,48,0.48,200,1,ON_PEAK,32.0,0.45,10,0
custom_hospital_karachi,2026-07-02T06:30:00,15,29.46,73,29.79,96,0.96,200,1,ON_PEAK,32.0,0.45,10,0
custom_hospital_karachi,2026-07-02T06:45:00,15,30.18,72,30.68,144,1.44,200,1,ON_PEAK,32.0,0.45,10,0
custom_hospital_karachi,2026-07-02T07:00:00,15,30.89,71,31.56,191,1.91,200,1,ON_PEAK,32.0,0.45,10,0
custom_hospital_karachi,2026-07-02T07:15:00,15,31.60,69,32.43,238,2.38,200,1,ON_PEAK,32.0,0.45,10,0
custom_hospital_karachi,2026-07-02T07:30:00,15,32.29,68,33.28,284,2.84,200,1,ON_PEAK,32.0,0.45,10,0
custom_hospital_karachi,2026-07-02T07:45:00,15,32.97,67,34.12,328,3.28,200,1,ON_PEAK,32.0,0.45,10,0
custom_hospital_karachi,2026-07-02T08:00:00,15,33.64,66,34.94,372,3.72,200,1,ON_PEAK,32.0,0.45,10,0
custom_hospital_karachi,2026-07-02T08:15:00,15,34.29,65,35.74,414,4.14,200,1,ON_PEAK,32.0,0.45,10,0
custom_hospital_karachi,2026-07-02T08:30:00,15,34.92,64,36.51,454,4.54,200,1,ON_PEAK,32.0,0.45,10,0
custom_hospital_karachi,2026-07-02T08:45:00,15,35.52,63,37.26,493,4.93,200,1,ON_PEAK,32.0,0.45,10,0
custom_hospital_karachi,2026-07-02T09:00:00,15,36.11,63,37.98,530,5.30,200,1,ON_PEAK,32.0,0.45,10,0
custom_hospital_karachi,2026-07-02T09:15:00,15,36.66,62,38.66,566,5.66,200,1,ON_PEAK,32.0,0.45,10,0
custom_hospital_karachi,2026-07-02T09:30:00,15,37.19,61,39.31,599,5.99,200,1,ON_PEAK,32.0,0.45,10,0
custom_hospital_karachi,2026-07-02T09:45:00,15,37.69,60,39.93,630,6.30,200,1,ON_PEAK,32.0,0.45,10,0
custom_hospital_karachi,2026-07-02T10:00:00,15,38.16,59,40.51,658,6.58,200,1,ON_PEAK,32.0,0.45,10,0
custom_hospital_karachi,2026-07-02T10:15:00,15,38.60,59,41.05,685,6.85,200,1,ON_PEAK,32.0,0.45,10,0
custom_hospital_karachi,2026-07-02T10:30:00,15,39.01,58,41.55,708,7.08,200,1,ON_PEAK,32.0,0.45,10,0
custom_hospital_karachi,2026-07-02T10:45:00,15,39.38,57,42.00,730,7.30,200,1,ON_PEAK,32.0,0.45,10,0
custom_hospital_karachi,2026-07-02T11:00:00,15,39.71,57,42.42,748,7.48,200,1,ON_PEAK,32.0,0.45,10,0
custom_hospital_karachi,2026-07-02T11:15:00,15,40.01,57,42.78,764,7.64,200,1,ON_PEAK,32.0,0.45,10,0
custom_hospital_karachi,2026-07-02T11:30:00,15,40.27,56,43.10,777,7.77,200,1,ON_PEAK,32.0,0.45,10,0
custom_hospital_karachi,2026-07-02T11:45:00,15,40.49,56,43.37,787,7.87,200,1,ON_PEAK,32.0,0.45,10,0
custom_hospital_karachi,2026-07-02T12:00:00,15,40.67,56,43.60,794,7.94,200,1,ON_PEAK,32.0,0.45,10,0
custom_hospital_karachi,2026-07-02T12:15:00,15,40.82,55,43.77,799,7.99,200,1,ON_PEAK,32.0,0.45,10,0
custom_hospital_karachi,2026-07-02T12:30:00,15,40.92,55,43.90,800,8.00,200,1,ON_PEAK,32.0,0.45,10,0
custom_hospital_karachi,2026-07-02T12:45:00,15,40.98,55,43.97,799,7.99,200,1,ON_PEAK,32.0,0.45,10,0
custom_hospital_karachi,2026-07-02T13:00:00,15,41.00,55,44.00,794,7.94,200,1,ON_PEAK,32.0,0.45,10,0
custom_hospital_karachi,2026-07-02T13:15:00,15,40.98,55,43.97,787,7.87,200,1,ON_PEAK,32.0,0.45,10,0
custom_hospital_karachi,2026-07-02T13:30:00,15,40.92,55,43.90,777,7.77,200,1,ON_PEAK,32.0,0.45,10,0
custom_hospital_karachi,2026-07-02T13:45:00,15,40.82,55,43.77,764,7.64,200,1,ON_PEAK,32.0,0.45,10,0
custom_hospital_karachi,2026-07-02T14:00:00,15,40.67,56,43.60,748,7.48,200,0,ON_PEAK,32.0,0.45,10,0
custom_hospital_karachi,2026-07-02T14:15:00,15,40.49,56,43.37,730,7.30,200,0,ON_PEAK,32.0,0.45,10,0
custom_hospital_karachi,2026-07-02T14:30:00,15,40.27,56,43.10,708,7.08,200,0,ON_PEAK,32.0,0.45,10,0
custom_hospital_karachi,2026-07-02T14:45:00,15,40.01,57,42.78,685,6.85,200,0,ON_PEAK,32.0,0.45,10,0
custom_hospital_karachi,2026-07-02T15:00:00,15,39.71,57,42.42,658,6.58,200,0,ON_PEAK,32.0,0.45,10,0
custom_hospital_karachi,2026-07-02T15:15:00,15,39.38,57,42.00,630,6.30,200,0,ON_PEAK,32.0,0.45,10,0
custom_hospital_karachi,2026-07-02T15:30:00,15,39.01,58,41.55,599,5.99,200,0,ON_PEAK,32.0,0.45,10,0
custom_hospital_karachi,2026-07-02T15:45:00,15,38.60,59,41.05,566,5.66,200,0,ON_PEAK,32.0,0.45,10,0
custom_hospital_karachi,2026-07-02T16:00:00,15,38.16,59,40.51,530,5.30,200,0,ON_PEAK,32.0,0.45,10,0
custom_hospital_karachi,2026-07-02T16:15:00,15,37.69,60,39.93,493,4.93,200,0,ON_PEAK,32.0,0.45,10,0
custom_hospital_karachi,2026-07-02T16:30:00,15,37.19,61,39.31,454,4.54,200,0,ON_PEAK,32.0,0.45,10,0
custom_hospital_karachi,2026-07-02T16:45:00,15,36.66,62,38.66,414,4.14,200,0,ON_PEAK,32.0,0.45,10,0
custom_hospital_karachi,2026-07-02T17:00:00,15,36.11,63,37.98,372,3.72,200,0,ON_PEAK,32.0,0.45,10,0
custom_hospital_karachi,2026-07-02T17:15:00,15,35.52,63,37.26,328,3.28,200,0,ON_PEAK,32.0,0.45,10,0
custom_hospital_karachi,2026-07-02T17:30:00,15,34.92,64,36.51,284,2.84,200,0,ON_PEAK,32.0,0.45,10,0
custom_hospital_karachi,2026-07-02T17:45:00,15,34.29,65,35.74,238,2.38,200,0,ON_PEAK,32.0,0.45,10,0
custom_hospital_karachi,2026-07-02T18:00:00,15,33.64,66,34.94,191,1.91,200,0,PEAK,45.0,0.45,10,0
custom_hospital_karachi,2026-07-02T18:15:00,15,32.97,67,34.12,144,1.44,200,0,PEAK,45.0,0.45,10,0
custom_hospital_karachi,2026-07-02T18:30:00,15,32.29,68,33.28,96,0.96,200,0,PEAK,45.0,0.45,10,0
custom_hospital_karachi,2026-07-02T18:45:00,15,31.60,69,32.43,48,0.48,200,0,PEAK,45.0,0.45,10,0
custom_hospital_karachi,2026-07-02T19:00:00,15,30.89,71,31.56,0,0.00,200,0,PEAK,45.0,0.45,10,0
custom_hospital_karachi,2026-07-02T19:15:00,15,30.18,72,30.68,0,0.00,200,0,PEAK,45.0,0.45,10,0
custom_hospital_karachi,2026-07-02T19:30:00,15,29.46,73,29.79,0,0.00,200,0,PEAK,45.0,0.45,10,0
custom_hospital_karachi,2026-07-02T19:45:00,15,28.73,74,28.90,0,0.00,200,0,PEAK,45.0,0.45,10,0
custom_hospital_karachi,2026-07-02T20:00:00,15,28.00,75,28.00,0,0.00,200,0,PEAK,45.0,0.45,10,0
custom_hospital_karachi,2026-07-02T20:15:00,15,28.00,75,28.00,0,0.00,200,0,PEAK,45.0,0.45,10,0
custom_hospital_karachi,2026-07-02T20:30:00,15,28.00,75,28.00,0,0.00,200,0,PEAK,45.0,0.45,10,0
custom_hospital_karachi,2026-07-02T20:45:00,15,28.00,75,28.00,0,0.00,200,0,PEAK,45.0,0.45,10,0
custom_hospital_karachi,2026-07-02T21:00:00,15,28.00,75,28.00,0,0.00,200,0,PEAK,45.0,0.45,10,0
custom_hospital_karachi,2026-07-02T21:15:00,15,28.00,75,28.00,0,0.00,200,0,PEAK,45.0,0.45,10,0
custom_hospital_karachi,2026-07-02T21:30:00,15,28.00,75,28.00,0,0.00,200,0,PEAK,45.0,0.45,10,0
custom_hospital_karachi,2026-07-02T21:45:00,15,28.00,75,28.00,0,0.00,200,0,PEAK,45.0,0.45,10,0
custom_hospital_karachi,2026-07-02T22:00:00,15,28.00,75,28.00,0,0.00,50,1,OFF_PEAK,18.0,0.45,10,0
custom_hospital_karachi,2026-07-02T22:15:00,15,28.00,75,28.00,0,0.00,50,1,OFF_PEAK,18.0,0.45,10,0
custom_hospital_karachi,2026-07-02T22:30:00,15,28.00,75,28.00,0,0.00,50,1,OFF_PEAK,18.0,0.45,10,0
custom_hospital_karachi,2026-07-02T22:45:00,15,28.00,75,28.00,0,0.00,50,1,OFF_PEAK,18.0,0.45,10,0
custom_hospital_karachi,2026-07-02T23:00:00,15,28.00,75,28.00,0,0.00,50,1,OFF_PEAK,18.0,0.45,10,0
custom_hospital_karachi,2026-07-02T23:15:00,15,28.00,75,28.00,0,0.00,50,1,OFF_PEAK,18.0,0.45,10,0
custom_hospital_karachi,2026-07-02T23:30:00,15,28.00,75,28.00,0,0.00,50,1,OFF_PEAK,18.0,0.45,10,0
custom_hospital_karachi,2026-07-02T23:45:00,15,28.00,75,28.00,0,0.00,50,1,OFF_PEAK,18.0,0.45,10,0
custom_hospital_karachi,2026-07-03T00:00:00,15,30.00,60,30.00,0,0.00,50,1,OFF_PEAK,18.0,0.45,10,0
custom_hospital_karachi,2026-07-03T00:15:00,15,30.00,60,30.00,0,0.00,50,1,OFF_PEAK,18.0,0.45,10,0
custom_hospital_karachi,2026-07-03T00:30:00,15,30.00,60,30.00,0,0.00,50,1,OFF_PEAK,18.0,0.45,10,0
custom_hospital_karachi,2026-07-03T00:45:00,15,30.00,60,30.00,0,0.00,50,1,OFF_PEAK,18.0,0.45,10,0
custom_hospital_karachi,2026-07-03T01:00:00,15,30.00,64,30.00,0,0.00,50,1,OFF_PEAK,18.0,0.45,10,0
custom_hospital_karachi,2026-07-03T01:15:00,15,30.00,64,30.00,0,0.00,50,1,OFF_PEAK,18.0,0.45,10,0
custom_hospital_karachi,2026-07-03T01:30:00,15,30.00,64,30.00,0,0.00,50,1,OFF_PEAK,18.0,0.45,10,0
custom_hospital_karachi,2026-07-03T01:45:00,15,30.00,64,30.00,0,0.00,50,1,OFF_PEAK,18.0,0.45,10,0
custom_hospital_karachi,2026-07-03T02:00:00,15,30.00,68,30.00,0,0.00,50,1,OFF_PEAK,18.0,0.45,10,0
custom_hospital_karachi,2026-07-03T02:15:00,15,30.00,68,30.00,0,0.00,50,1,OFF_PEAK,18.0,0.45,10,0
custom_hospital_karachi,2026-07-03T02:30:00,15,30.00,68,30.00,0,0.00,50,1,OFF_PEAK,18.0,0.45,10,0
custom_hospital_karachi,2026-07-03T02:45:00,15,30.00,68,30.00,0,0.00,50,1,OFF_PEAK,18.0,0.45,10,0
custom_hospital_karachi,2026-07-03T03:00:00,15,30.00,71,30.00,0,0.00,50,1,OFF_PEAK,18.0,0.45,10,0
custom_hospital_karachi,2026-07-03T03:15:00,15,30.00,71,30.00,0,0.00,50,1,OFF_PEAK,18.0,0.45,10,0
custom_hospital_karachi,2026-07-03T03:30:00,15,30.00,71,30.00,0,0.00,50,1,OFF_PEAK,18.0,0.45,10,0
custom_hospital_karachi,2026-07-03T03:45:00,15,30.00,71,30.00,0,0.00,50,1,OFF_PEAK,18.0,0.45,10,0
custom_hospital_karachi,2026-07-03T04:00:00,15,30.00,73,30.00,0,0.00,50,1,OFF_PEAK,18.0,0.45,10,0
custom_hospital_karachi,2026-07-03T04:15:00,15,30.00,73,30.00,0,0.00,50,1,OFF_PEAK,18.0,0.45,10,0
custom_hospital_karachi,2026-07-03T04:30:00,15,30.00,73,30.00,0,0.00,50,1,OFF_PEAK,18.0,0.45,10,0
custom_hospital_karachi,2026-07-03T04:45:00,15,30.00,73,30.00,0,0.00,50,1,OFF_PEAK,18.0,0.45,10,0
custom_hospital_karachi,2026-07-03T05:00:00,15,30.00,74,30.00,0,0.00,50,1,OFF_PEAK,18.0,0.45,10,0
custom_hospital_karachi,2026-07-03T05:15:00,15,30.00,74,30.00,0,0.00,50,1,OFF_PEAK,18.0,0.45,10,0
custom_hospital_karachi,2026-07-03T05:30:00,15,30.00,74,30.00,0,0.00,50,1,OFF_PEAK,18.0,0.45,10,0
custom_hospital_karachi,2026-07-03T05:45:00,15,30.00,74,30.00,0,0.00,50,1,OFF_PEAK,18.0,0.45,10,0
custom_hospital_karachi,2026-07-03T06:00:00,15,30.00,75,30.00,0,0.00,200,1,ON_PEAK,32.0,0.45,10,0
custom_hospital_karachi,2026-07-03T06:15:00,15,30.00,75,30.00,48,0.48,200,1,ON_PEAK,32.0,0.45,10,0
custom_hospital_karachi,2026-07-03T06:30:00,15,30.00,75,30.00,96,0.96,200,1,ON_PEAK,32.0,0.45,10,0
custom_hospital_karachi,2026-07-03T06:45:00,15,30.00,75,30.00,144,1.44,200,1,ON_PEAK,32.0,0.45,10,0
custom_hospital_karachi,2026-07-03T07:00:00,15,30.00,74,30.00,191,1.91,200,1,ON_PEAK,32.0,0.45,10,0
custom_hospital_karachi,2026-07-03T07:15:00,15,30.00,74,30.00,238,2.38,200,1,ON_PEAK,32.0,0.45,10,0
custom_hospital_karachi,2026-07-03T07:30:00,15,30.00,74,30.00,284,2.84,200,1,ON_PEAK,32.0,0.45,10,0
custom_hospital_karachi,2026-07-03T07:45:00,15,30.00,74,30.00,328,3.28,200,1,ON_PEAK,32.0,0.45,10,0
custom_hospital_karachi,2026-07-03T08:00:00,15,30.00,73,30.00,372,3.72,200,1,ON_PEAK,32.0,0.45,10,0
custom_hospital_karachi,2026-07-03T08:15:00,15,30.00,73,30.00,414,4.14,200,1,ON_PEAK,32.0,0.45,10,0
custom_hospital_karachi,2026-07-03T08:30:00,15,30.00,73,30.00,454,4.54,200,1,ON_PEAK,32.0,0.45,10,0
custom_hospital_karachi,2026-07-03T08:45:00,15,30.00,73,30.00,493,4.93,200,1,ON_PEAK,32.0,0.45,10,0
custom_hospital_karachi,2026-07-03T09:00:00,15,30.00,71,30.00,530,5.30,200,1,ON_PEAK,32.0,0.45,10,0
custom_hospital_karachi,2026-07-03T09:15:00,15,30.00,71,30.01,566,5.66,200,1,ON_PEAK,32.0,0.45,10,0
custom_hospital_karachi,2026-07-03T09:30:00,15,30.01,71,30.02,599,5.99,200,1,ON_PEAK,32.0,0.45,10,0
custom_hospital_karachi,2026-07-03T09:45:00,15,30.01,71,30.03,630,6.30,200,1,ON_PEAK,32.0,0.45,10,0
custom_hospital_karachi,2026-07-03T10:00:00,15,30.03,68,30.06,658,6.58,200,1,ON_PEAK,32.0,0.45,10,0
custom_hospital_karachi,2026-07-03T10:15:00,15,30.05,68,30.12,685,6.85,200,1,ON_PEAK,32.0,0.45,10,0
custom_hospital_karachi,2026-07-03T10:30:00,15,30.08,68,30.21,708,7.08,200,1,ON_PEAK,32.0,0.45,10,0
custom_hospital_karachi,2026-07-03T10:45:00,15,30.14,68,30.36,730,7.30,200,1,ON_PEAK,32.0,0.45,10,0
custom_hospital_karachi,2026-07-03T11:00:00,15,30.24,64,30.60,748,7.48,200,1,ON_PEAK,32.0,0.45,10,0
custom_hospital_karachi,2026-07-03T11:15:00,15,30.39,64,30.97,764,7.64,200,1,ON_PEAK,32.0,0.45,10,0
custom_hospital_karachi,2026-07-03T11:30:00,15,30.61,64,31.51,777,7.77,200,1,ON_PEAK,32.0,0.45,10,0
custom_hospital_karachi,2026-07-03T11:45:00,15,30.93,64,32.29,787,7.87,200,1,ON_PEAK,32.0,0.45,10,0
custom_hospital_karachi,2026-07-03T12:00:00,15,31.37,60,33.33,794,7.94,200,1,ON_PEAK,32.0,0.45,10,0
custom_hospital_karachi,2026-07-03T12:15:00,15,31.96,60,34.69,799,7.99,200,1,ON_PEAK,32.0,0.45,10,0
custom_hospital_karachi,2026-07-03T12:30:00,15,32.72,60,36.35,800,8.00,200,1,ON_PEAK,32.0,0.45,10,0
custom_hospital_karachi,2026-07-03T12:45:00,15,33.67,60,38.27,799,7.99,200,1,ON_PEAK,32.0,0.45,10,0
custom_hospital_karachi,2026-07-03T13:00:00,15,34.78,56,40.38,794,7.94,200,1,ON_PEAK,32.0,0.45,10,0
custom_hospital_karachi,2026-07-03T13:15:00,15,36.05,56,42.53,787,7.87,200,1,ON_PEAK,32.0,0.45,10,0
custom_hospital_karachi,2026-07-03T13:30:00,15,37.41,56,44.58,777,7.77,200,1,ON_PEAK,32.0,0.45,10,0
custom_hospital_karachi,2026-07-03T13:45:00,15,38.80,56,46.38,764,7.64,200,1,ON_PEAK,32.0,0.45,10,0
custom_hospital_karachi,2026-07-03T14:00:00,15,40.12,53,47.82,748,7.48,200,1,ON_PEAK,32.0,0.45,10,0
custom_hospital_karachi,2026-07-03T14:15:00,15,41.29,53,48.86,730,7.30,200,1,ON_PEAK,32.0,0.45,10,0
custom_hospital_karachi,2026-07-03T14:30:00,15,42.21,53,49.53,708,7.08,200,1,ON_PEAK,32.0,0.45,10,0
custom_hospital_karachi,2026-07-03T14:45:00,15,42.80,53,49.89,685,6.85,200,1,ON_PEAK,32.0,0.45,10,0
custom_hospital_karachi,2026-07-03T15:00:00,15,43.00,49,50.00,658,6.58,200,1,ON_PEAK,32.0,0.45,10,0
custom_hospital_karachi,2026-07-03T15:15:00,15,42.80,49,49.89,630,6.30,200,1,ON_PEAK,32.0,0.45,10,0
custom_hospital_karachi,2026-07-03T15:30:00,15,42.21,49,49.53,599,5.99,200,1,ON_PEAK,32.0,0.45,10,0
custom_hospital_karachi,2026-07-03T15:45:00,15,41.29,49,48.86,566,5.66,200,1,ON_PEAK,32.0,0.45,10,0
custom_hospital_karachi,2026-07-03T16:00:00,15,40.12,47,47.82,530,5.30,200,1,ON_PEAK,32.0,0.45,10,0
custom_hospital_karachi,2026-07-03T16:15:00,15,38.80,47,46.38,493,4.93,200,1,ON_PEAK,32.0,0.45,10,0
custom_hospital_karachi,2026-07-03T16:30:00,15,37.41,47,44.58,454,4.54,200,1,ON_PEAK,32.0,0.45,10,0
custom_hospital_karachi,2026-07-03T16:45:00,15,36.05,47,42.53,414,4.14,200,1,ON_PEAK,32.0,0.45,10,0
custom_hospital_karachi,2026-07-03T17:00:00,15,34.78,46,40.38,372,3.72,200,1,ON_PEAK,32.0,0.45,10,0
custom_hospital_karachi,2026-07-03T17:15:00,15,33.67,46,38.27,328,3.28,200,1,ON_PEAK,32.0,0.45,10,0
custom_hospital_karachi,2026-07-03T17:30:00,15,32.72,46,36.35,284,2.84,200,1,ON_PEAK,32.0,0.45,10,0
custom_hospital_karachi,2026-07-03T17:45:00,15,31.96,46,34.69,238,2.38,200,1,ON_PEAK,32.0,0.45,10,0
custom_hospital_karachi,2026-07-03T18:00:00,15,31.37,45,33.33,191,1.91,200,1,PEAK,45.0,0.45,10,0
custom_hospital_karachi,2026-07-03T18:15:00,15,30.93,45,32.29,144,1.44,200,1,PEAK,45.0,0.45,10,0
custom_hospital_karachi,2026-07-03T18:30:00,15,30.61,45,31.51,96,0.96,200,1,PEAK,45.0,0.45,10,0
custom_hospital_karachi,2026-07-03T18:45:00,15,30.39,45,30.97,48,0.48,200,1,PEAK,45.0,0.45,10,0
custom_hospital_karachi,2026-07-03T19:00:00,15,30.24,46,30.60,0,0.00,200,1,PEAK,45.0,0.45,10,0
custom_hospital_karachi,2026-07-03T19:15:00,15,30.14,46,30.36,0,0.00,200,1,PEAK,45.0,0.45,10,0
custom_hospital_karachi,2026-07-03T19:30:00,15,30.08,46,30.21,0,0.00,200,1,PEAK,45.0,0.45,10,0
custom_hospital_karachi,2026-07-03T19:45:00,15,30.05,46,30.12,0,0.00,200,1,PEAK,45.0,0.45,10,0
custom_hospital_karachi,2026-07-03T20:00:00,15,30.03,47,30.06,0,0.00,200,1,PEAK,45.0,0.45,10,0
custom_hospital_karachi,2026-07-03T20:15:00,15,30.01,47,30.03,0,0.00,200,1,PEAK,45.0,0.45,10,0
custom_hospital_karachi,2026-07-03T20:30:00,15,30.01,47,30.02,0,0.00,200,1,PEAK,45.0,0.45,10,0
custom_hospital_karachi,2026-07-03T20:45:00,15,30.00,47,30.01,0,0.00,200,1,PEAK,45.0,0.45,10,0
custom_hospital_karachi,2026-07-03T21:00:00,15,30.00,49,30.00,0,0.00,200,1,PEAK,45.0,0.45,10,0
custom_hospital_karachi,2026-07-03T21:15:00,15,30.00,49,30.00,0,0.00,200,1,PEAK,45.0,0.45,10,0
custom_hospital_karachi,2026-07-03T21:30:00,15,30.00,49,30.00,0,0.00,200,1,PEAK,45.0,0.45,10,0
custom_hospital_karachi,2026-07-03T21:45:00,15,30.00,49,30.00,0,0.00,200,1,PEAK,45.0,0.45,10,0
custom_hospital_karachi,2026-07-03T22:00:00,15,30.00,52,30.00,0,0.00,50,1,OFF_PEAK,18.0,0.45,10,0
custom_hospital_karachi,2026-07-03T22:15:00,15,30.00,52,30.00,0,0.00,50,1,OFF_PEAK,18.0,0.45,10,0
custom_hospital_karachi,2026-07-03T22:30:00,15,30.00,52,30.00,0,0.00,50,1,OFF_PEAK,18.0,0.45,10,0
custom_hospital_karachi,2026-07-03T22:45:00,15,30.00,52,30.00,0,0.00,50,1,OFF_PEAK,18.0,0.45,10,0
custom_hospital_karachi,2026-07-03T23:00:00,15,30.00,56,30.00,0,0.00,50,1,OFF_PEAK,18.0,0.45,10,0
custom_hospital_karachi,2026-07-03T23:15:00,15,30.00,56,30.00,0,0.00,50,1,OFF_PEAK,18.0,0.45,10,0
custom_hospital_karachi,2026-07-03T23:30:00,15,30.00,56,30.00,0,0.00,50,1,OFF_PEAK,18.0,0.45,10,0
custom_hospital_karachi,2026-07-03T23:45:00,15,30.00,56,30.00,0,0.00,50,1,OFF_PEAK,18.0,0.45,10,0
custom_hospital_karachi,2026-07-04T00:00:00,15,28.00,75,28.00,0,0.00,50,1,OFF_PEAK,18.0,0.45,10,0
custom_hospital_karachi,2026-07-04T00:15:00,15,28.00,75,28.00,0,0.00,50,1,OFF_PEAK,18.0,0.45,10,0
custom_hospital_karachi,2026-07-04T00:30:00,15,28.00,75,28.00,0,0.00,50,1,OFF_PEAK,18.0,0.45,10,0
custom_hospital_karachi,2026-07-04T00:45:00,15,28.00,75,28.00,0,0.00,50,1,OFF_PEAK,18.0,0.45,10,0
custom_hospital_karachi,2026-07-04T01:00:00,15,28.00,75,28.00,0,0.00,50,1,OFF_PEAK,18.0,0.45,10,0
custom_hospital_karachi,2026-07-04T01:15:00,15,28.00,75,28.00,0,0.00,50,1,OFF_PEAK,18.0,0.45,10,0
custom_hospital_karachi,2026-07-04T01:30:00,15,28.00,75,28.00,0,0.00,50,1,OFF_PEAK,18.0,0.45,10,0
custom_hospital_karachi,2026-07-04T01:45:00,15,28.00,75,28.00,0,0.00,50,1,OFF_PEAK,18.0,0.45,10,0
custom_hospital_karachi,2026-07-04T02:00:00,15,28.00,75,28.00,0,0.00,50,1,OFF_PEAK,18.0,0.45,10,0
custom_hospital_karachi,2026-07-04T02:15:00,15,28.00,75,28.00,0,0.00,50,1,OFF_PEAK,18.0,0.45,10,0
custom_hospital_karachi,2026-07-04T02:30:00,15,28.00,75,28.00,0,0.00,50,1,OFF_PEAK,18.0,0.45,10,0
custom_hospital_karachi,2026-07-04T02:45:00,15,28.00,75,28.00,0,0.00,50,1,OFF_PEAK,18.0,0.45,10,0
custom_hospital_karachi,2026-07-04T03:00:00,15,28.00,75,28.00,0,0.00,50,1,OFF_PEAK,18.0,0.45,10,0
custom_hospital_karachi,2026-07-04T03:15:00,15,28.00,75,28.00,0,0.00,50,1,OFF_PEAK,18.0,0.45,10,0
custom_hospital_karachi,2026-07-04T03:30:00,15,28.00,75,28.00,0,0.00,50,1,OFF_PEAK,18.0,0.45,10,0
custom_hospital_karachi,2026-07-04T03:45:00,15,28.00,75,28.00,0,0.00,50,1,OFF_PEAK,18.0,0.45,10,0
custom_hospital_karachi,2026-07-04T04:00:00,15,28.00,75,28.00,0,0.00,50,1,OFF_PEAK,18.0,0.45,10,0
custom_hospital_karachi,2026-07-04T04:15:00,15,28.00,75,28.00,0,0.00,50,1,OFF_PEAK,18.0,0.45,10,0
custom_hospital_karachi,2026-07-04T04:30:00,15,28.00,75,28.00,0,0.00,50,1,OFF_PEAK,18.0,0.45,10,0
custom_hospital_karachi,2026-07-04T04:45:00,15,28.00,75,28.00,0,0.00,50,1,OFF_PEAK,18.0,0.45,10,0
custom_hospital_karachi,2026-07-04T05:00:00,15,28.00,75,28.00,0,0.00,50,1,OFF_PEAK,18.0,0.45,10,0
custom_hospital_karachi,2026-07-04T05:15:00,15,28.00,75,28.00,0,0.00,50,1,OFF_PEAK,18.0,0.45,10,0
custom_hospital_karachi,2026-07-04T05:30:00,15,28.00,75,28.00,0,0.00,50,1,OFF_PEAK,18.0,0.45,10,0
custom_hospital_karachi,2026-07-04T05:45:00,15,28.00,75,28.00,0,0.00,50,1,OFF_PEAK,18.0,0.45,10,0
custom_hospital_karachi,2026-07-04T06:00:00,15,28.00,75,28.00,0,0.00,200,1,ON_PEAK,32.0,0.45,10,0
custom_hospital_karachi,2026-07-04T06:15:00,15,28.56,74,28.73,48,0.48,200,1,ON_PEAK,32.0,0.45,10,0
custom_hospital_karachi,2026-07-04T06:30:00,15,29.12,73,29.46,96,0.96,200,1,ON_PEAK,32.0,0.45,10,0
custom_hospital_karachi,2026-07-04T06:45:00,15,29.68,72,30.18,144,1.44,200,1,ON_PEAK,32.0,0.45,10,0
custom_hospital_karachi,2026-07-04T07:00:00,15,30.23,71,30.89,191,1.91,200,1,ON_PEAK,32.0,0.45,10,0
custom_hospital_karachi,2026-07-04T07:15:00,15,30.77,69,31.60,238,2.38,200,1,ON_PEAK,32.0,0.45,10,0
custom_hospital_karachi,2026-07-04T07:30:00,15,31.30,68,32.29,284,2.84,200,1,ON_PEAK,32.0,0.45,10,0
custom_hospital_karachi,2026-07-04T07:45:00,15,31.83,67,32.97,328,3.28,200,1,ON_PEAK,32.0,0.45,10,0
custom_hospital_karachi,2026-07-04T08:00:00,15,32.34,66,33.64,372,3.72,200,1,ON_PEAK,32.0,0.45,10,0
custom_hospital_karachi,2026-07-04T08:15:00,15,32.84,65,34.29,414,4.14,200,1,ON_PEAK,32.0,0.45,10,0
custom_hospital_karachi,2026-07-04T08:30:00,15,33.32,64,34.92,454,4.54,200,1,ON_PEAK,32.0,0.45,10,0
custom_hospital_karachi,2026-07-04T08:45:00,15,33.79,63,35.52,493,4.93,200,1,ON_PEAK,32.0,0.45,10,0
custom_hospital_karachi,2026-07-04T09:00:00,15,34.23,63,36.11,530,5.30,200,1,ON_PEAK,32.0,0.45,10,0
custom_hospital_karachi,2026-07-04T09:15:00,15,34.66,62,36.66,566,5.66,200,1,ON_PEAK,32.0,0.45,10,0
custom_hospital_karachi,2026-07-04T09:30:00,15,35.07,61,37.19,599,5.99,200,1,ON_PEAK,32.0,0.45,10,0
custom_hospital_karachi,2026-07-04T09:45:00,15,35.46,60,37.69,630,6.30,200,1,ON_PEAK,32.0,0.45,10,0
custom_hospital_karachi,2026-07-04T10:00:00,15,35.82,59,38.16,658,6.58,200,1,ON_PEAK,32.0,0.45,10,0
custom_hospital_karachi,2026-07-04T10:15:00,15,36.16,59,38.60,685,6.85,200,1,ON_PEAK,32.0,0.45,10,0
custom_hospital_karachi,2026-07-04T10:30:00,15,36.47,58,39.01,708,7.08,200,1,ON_PEAK,32.0,0.45,10,0
custom_hospital_karachi,2026-07-04T10:45:00,15,36.75,57,39.38,730,7.30,200,1,ON_PEAK,32.0,0.45,10,0
custom_hospital_karachi,2026-07-04T11:00:00,15,37.01,57,39.71,748,7.48,200,1,ON_PEAK,32.0,0.45,10,0
custom_hospital_karachi,2026-07-04T11:15:00,15,37.24,57,40.01,764,7.64,200,1,ON_PEAK,32.0,0.45,10,0
custom_hospital_karachi,2026-07-04T11:30:00,15,37.44,56,40.27,777,7.77,200,1,ON_PEAK,32.0,0.45,10,0
custom_hospital_karachi,2026-07-04T11:45:00,15,37.61,56,40.49,787,7.87,200,1,ON_PEAK,32.0,0.45,10,0
custom_hospital_karachi,2026-07-04T12:00:00,15,37.75,56,40.67,794,7.94,200,1,ON_PEAK,32.0,0.45,10,0
custom_hospital_karachi,2026-07-04T12:15:00,15,37.86,55,40.82,799,7.99,200,1,ON_PEAK,32.0,0.45,10,0
custom_hospital_karachi,2026-07-04T12:30:00,15,37.94,55,40.92,800,8.00,200,1,ON_PEAK,32.0,0.45,10,0
custom_hospital_karachi,2026-07-04T12:45:00,15,37.98,55,40.98,799,7.99,200,1,ON_PEAK,32.0,0.45,10,0
custom_hospital_karachi,2026-07-04T13:00:00,15,38.00,55,41.00,794,7.94,200,1,ON_PEAK,32.0,0.45,10,0
custom_hospital_karachi,2026-07-04T13:15:00,15,37.98,55,40.98,787,7.87,200,1,ON_PEAK,32.0,0.45,10,0
custom_hospital_karachi,2026-07-04T13:30:00,15,37.94,55,40.92,777,7.77,200,1,ON_PEAK,32.0,0.45,10,0
custom_hospital_karachi,2026-07-04T13:45:00,15,37.86,55,40.82,764,7.64,200,1,ON_PEAK,32.0,0.45,10,0
custom_hospital_karachi,2026-07-04T14:00:00,15,37.75,56,40.67,748,7.48,200,1,ON_PEAK,32.0,0.45,10,0
custom_hospital_karachi,2026-07-04T14:15:00,15,37.61,56,40.49,730,7.30,200,1,ON_PEAK,32.0,0.45,10,0
custom_hospital_karachi,2026-07-04T14:30:00,15,37.44,56,40.27,708,7.08,200,1,ON_PEAK,32.0,0.45,10,0
custom_hospital_karachi,2026-07-04T14:45:00,15,37.24,57,40.01,685,6.85,200,1,ON_PEAK,32.0,0.45,10,0
custom_hospital_karachi,2026-07-04T15:00:00,15,37.01,57,39.71,658,6.58,200,1,ON_PEAK,32.0,0.45,10,0
custom_hospital_karachi,2026-07-04T15:15:00,15,36.75,57,39.38,630,6.30,200,1,ON_PEAK,32.0,0.45,10,0
custom_hospital_karachi,2026-07-04T15:30:00,15,36.47,58,39.01,599,5.99,200,1,ON_PEAK,32.0,0.45,10,0
custom_hospital_karachi,2026-07-04T15:45:00,15,36.16,59,38.60,566,5.66,200,1,ON_PEAK,32.0,0.45,10,0
custom_hospital_karachi,2026-07-04T16:00:00,15,35.82,59,38.16,530,5.30,200,1,ON_PEAK,32.0,0.45,10,0
custom_hospital_karachi,2026-07-04T16:15:00,15,35.46,60,37.69,493,4.93,200,1,ON_PEAK,32.0,0.45,10,0
custom_hospital_karachi,2026-07-04T16:30:00,15,35.07,61,37.19,454,4.54,200,1,ON_PEAK,32.0,0.45,10,0
custom_hospital_karachi,2026-07-04T16:45:00,15,34.66,62,36.66,414,4.14,200,1,ON_PEAK,32.0,0.45,10,0
custom_hospital_karachi,2026-07-04T17:00:00,15,34.23,63,36.11,372,3.72,200,1,ON_PEAK,32.0,0.45,10,0
custom_hospital_karachi,2026-07-04T17:15:00,15,33.79,63,35.52,328,3.28,200,1,ON_PEAK,32.0,0.45,10,0
custom_hospital_karachi,2026-07-04T17:30:00,15,33.32,64,34.92,284,2.84,200,1,ON_PEAK,32.0,0.45,10,0
custom_hospital_karachi,2026-07-04T17:45:00,15,32.84,65,34.29,238,2.38,200,1,ON_PEAK,32.0,0.45,10,0
custom_hospital_karachi,2026-07-04T18:00:00,15,32.34,66,33.64,191,1.91,200,1,PEAK,45.0,0.45,10,0
custom_hospital_karachi,2026-07-04T18:15:00,15,31.83,67,32.97,144,1.44,200,1,PEAK,45.0,0.45,10,0
custom_hospital_karachi,2026-07-04T18:30:00,15,31.30,68,32.29,96,0.96,200,1,PEAK,45.0,0.45,10,0
custom_hospital_karachi,2026-07-04T18:45:00,15,30.77,69,31.60,48,0.48,200,1,PEAK,45.0,0.45,10,0
custom_hospital_karachi,2026-07-04T19:00:00,15,30.23,71,30.89,0,0.00,200,1,PEAK,45.0,0.45,10,0
custom_hospital_karachi,2026-07-04T19:15:00,15,29.68,72,30.18,0,0.00,200,1,PEAK,45.0,0.45,10,0
custom_hospital_karachi,2026-07-04T19:30:00,15,29.12,73,29.46,0,0.00,200,1,PEAK,45.0,0.45,10,0
custom_hospital_karachi,2026-07-04T19:45:00,15,28.56,74,28.73,0,0.00,200,1,PEAK,45.0,0.45,10,0
custom_hospital_karachi,2026-07-04T20:00:00,15,28.00,75,28.00,0,0.00,200,1,PEAK,45.0,0.45,10,0
custom_hospital_karachi,2026-07-04T20:15:00,15,28.00,75,28.00,0,0.00,200,1,PEAK,45.0,0.45,10,0
custom_hospital_karachi,2026-07-04T20:30:00,15,28.00,75,28.00,0,0.00,200,1,PEAK,45.0,0.45,10,0
custom_hospital_karachi,2026-07-04T20:45:00,15,28.00,75,28.00,0,0.00,200,1,PEAK,45.0,0.45,10,0
custom_hospital_karachi,2026-07-04T21:00:00,15,28.00,75,28.00,0,0.00,200,1,PEAK,45.0,0.45,10,0
custom_hospital_karachi,2026-07-04T21:15:00,15,28.00,75,28.00,0,0.00,200,1,PEAK,45.0,0.45,10,0
custom_hospital_karachi,2026-07-04T21:30:00,15,28.00,75,28.00,0,0.00,200,1,PEAK,45.0,0.45,10,0
custom_hospital_karachi,2026-07-04T21:45:00,15,28.00,75,28.00,0,0.00,200,1,PEAK,45.0,0.45,10,0
custom_hospital_karachi,2026-07-04T22:00:00,15,28.00,75,28.00,0,0.00,50,1,OFF_PEAK,18.0,0.45,10,0
custom_hospital_karachi,2026-07-04T22:15:00,15,28.00,75,28.00,0,0.00,50,1,OFF_PEAK,18.0,0.45,10,0
custom_hospital_karachi,2026-07-04T22:30:00,15,28.00,75,28.00,0,0.00,50,1,OFF_PEAK,18.0,0.45,10,0
custom_hospital_karachi,2026-07-04T22:45:00,15,28.00,75,28.00,0,0.00,50,1,OFF_PEAK,18.0,0.45,10,0
custom_hospital_karachi,2026-07-04T23:00:00,15,28.00,75,28.00,0,0.00,50,1,OFF_PEAK,18.0,0.45,10,0
custom_hospital_karachi,2026-07-04T23:15:00,15,28.00,75,28.00,0,0.00,50,1,OFF_PEAK,18.0,0.45,10,0
custom_hospital_karachi,2026-07-04T23:30:00,15,28.00,75,28.00,0,0.00,50,1,OFF_PEAK,18.0,0.45,10,0
custom_hospital_karachi,2026-07-04T23:45:00,15,28.00,75,28.00,0,0.00,50,1,OFF_PEAK,18.0,0.45,10,0
custom_hospital_karachi,2026-07-05T00:00:00,15,28.00,75,28.00,0,0.00,50,1,OFF_PEAK,18.0,0.45,10,0
custom_hospital_karachi,2026-07-05T00:15:00,15,28.00,75,28.00,0,0.00,50,1,OFF_PEAK,18.0,0.45,10,0
custom_hospital_karachi,2026-07-05T00:30:00,15,28.00,75,28.00,0,0.00,50,1,OFF_PEAK,18.0,0.45,10,0
custom_hospital_karachi,2026-07-05T00:45:00,15,28.00,75,28.00,0,0.00,50,1,OFF_PEAK,18.0,0.45,10,0
custom_hospital_karachi,2026-07-05T01:00:00,15,28.00,75,28.00,0,0.00,50,1,OFF_PEAK,18.0,0.45,10,0
custom_hospital_karachi,2026-07-05T01:15:00,15,28.00,75,28.00,0,0.00,50,1,OFF_PEAK,18.0,0.45,10,0
custom_hospital_karachi,2026-07-05T01:30:00,15,28.00,75,28.00,0,0.00,50,1,OFF_PEAK,18.0,0.45,10,0
custom_hospital_karachi,2026-07-05T01:45:00,15,28.00,75,28.00,0,0.00,50,1,OFF_PEAK,18.0,0.45,10,0
custom_hospital_karachi,2026-07-05T02:00:00,15,28.00,75,28.00,0,0.00,50,1,OFF_PEAK,18.0,0.45,10,0
custom_hospital_karachi,2026-07-05T02:15:00,15,28.00,75,28.00,0,0.00,50,1,OFF_PEAK,18.0,0.45,10,0
custom_hospital_karachi,2026-07-05T02:30:00,15,28.00,75,28.00,0,0.00,50,1,OFF_PEAK,18.0,0.45,10,0
custom_hospital_karachi,2026-07-05T02:45:00,15,28.00,75,28.00,0,0.00,50,1,OFF_PEAK,18.0,0.45,10,0
custom_hospital_karachi,2026-07-05T03:00:00,15,28.00,75,28.00,0,0.00,50,1,OFF_PEAK,18.0,0.45,10,0
custom_hospital_karachi,2026-07-05T03:15:00,15,28.00,75,28.00,0,0.00,50,1,OFF_PEAK,18.0,0.45,10,0
custom_hospital_karachi,2026-07-05T03:30:00,15,28.00,75,28.00,0,0.00,50,1,OFF_PEAK,18.0,0.45,10,0
custom_hospital_karachi,2026-07-05T03:45:00,15,28.00,75,28.00,0,0.00,50,1,OFF_PEAK,18.0,0.45,10,0
custom_hospital_karachi,2026-07-05T04:00:00,15,28.00,75,28.00,0,0.00,50,1,OFF_PEAK,18.0,0.45,10,0
custom_hospital_karachi,2026-07-05T04:15:00,15,28.00,75,28.00,0,0.00,50,1,OFF_PEAK,18.0,0.45,10,0
custom_hospital_karachi,2026-07-05T04:30:00,15,28.00,75,28.00,0,0.00,50,1,OFF_PEAK,18.0,0.45,10,0
custom_hospital_karachi,2026-07-05T04:45:00,15,28.00,75,28.00,0,0.00,50,1,OFF_PEAK,18.0,0.45,10,0
custom_hospital_karachi,2026-07-05T05:00:00,15,28.00,75,28.00,0,0.00,50,1,OFF_PEAK,18.0,0.45,10,0
custom_hospital_karachi,2026-07-05T05:15:00,15,28.00,75,28.00,0,0.00,50,1,OFF_PEAK,18.0,0.45,10,0
custom_hospital_karachi,2026-07-05T05:30:00,15,28.00,75,28.00,0,0.00,50,1,OFF_PEAK,18.0,0.45,10,0
custom_hospital_karachi,2026-07-05T05:45:00,15,28.00,75,28.00,0,0.00,50,1,OFF_PEAK,18.0,0.45,10,0
custom_hospital_karachi,2026-07-05T06:00:00,15,28.00,75,28.00,0,0.00,200,1,ON_PEAK,32.0,0.45,10,0
custom_hospital_karachi,2026-07-05T06:15:00,15,28.56,74,28.73,48,0.48,200,1,ON_PEAK,32.0,0.45,10,0
custom_hospital_karachi,2026-07-05T06:30:00,15,29.12,73,29.46,96,0.96,200,1,ON_PEAK,32.0,0.45,10,0
custom_hospital_karachi,2026-07-05T06:45:00,15,29.68,72,30.18,144,1.44,200,1,ON_PEAK,32.0,0.45,10,0
custom_hospital_karachi,2026-07-05T07:00:00,15,30.23,71,30.89,191,1.91,200,1,ON_PEAK,32.0,0.45,10,0
custom_hospital_karachi,2026-07-05T07:15:00,15,30.77,69,31.60,238,2.38,200,1,ON_PEAK,32.0,0.45,10,0
custom_hospital_karachi,2026-07-05T07:30:00,15,31.30,68,32.29,284,2.84,200,1,ON_PEAK,32.0,0.45,10,0
custom_hospital_karachi,2026-07-05T07:45:00,15,31.83,67,32.97,328,3.28,200,1,ON_PEAK,32.0,0.45,10,0
custom_hospital_karachi,2026-07-05T08:00:00,15,32.34,66,33.64,372,3.72,200,0,ON_PEAK,32.0,0.45,10,0
custom_hospital_karachi,2026-07-05T08:15:00,15,32.84,65,34.29,414,4.14,200,0,ON_PEAK,32.0,0.45,10,0
custom_hospital_karachi,2026-07-05T08:30:00,15,33.32,64,34.92,454,4.54,200,0,ON_PEAK,32.0,0.45,10,0
custom_hospital_karachi,2026-07-05T08:45:00,15,33.79,63,35.52,493,4.93,200,0,ON_PEAK,32.0,0.45,10,0
custom_hospital_karachi,2026-07-05T09:00:00,15,34.23,63,36.11,530,5.30,200,0,ON_PEAK,32.0,0.45,10,0
custom_hospital_karachi,2026-07-05T09:15:00,15,34.66,62,36.66,566,5.66,200,0,ON_PEAK,32.0,0.45,10,0
custom_hospital_karachi,2026-07-05T09:30:00,15,35.07,61,37.19,599,5.99,200,0,ON_PEAK,32.0,0.45,10,0
custom_hospital_karachi,2026-07-05T09:45:00,15,35.46,60,37.69,630,6.30,200,0,ON_PEAK,32.0,0.45,10,0
custom_hospital_karachi,2026-07-05T10:00:00,15,35.82,59,38.16,658,6.58,200,0,ON_PEAK,32.0,0.45,10,0
custom_hospital_karachi,2026-07-05T10:15:00,15,36.16,59,38.60,685,6.85,200,0,ON_PEAK,32.0,0.45,10,0
custom_hospital_karachi,2026-07-05T10:30:00,15,36.47,58,39.01,708,7.08,200,0,ON_PEAK,32.0,0.45,10,0
custom_hospital_karachi,2026-07-05T10:45:00,15,36.75,57,39.38,730,7.30,200,0,ON_PEAK,32.0,0.45,10,0
custom_hospital_karachi,2026-07-05T11:00:00,15,37.01,57,39.71,748,7.48,200,0,ON_PEAK,32.0,0.45,10,0
custom_hospital_karachi,2026-07-05T11:15:00,15,37.24,57,40.01,764,7.64,200,0,ON_PEAK,32.0,0.45,10,0
custom_hospital_karachi,2026-07-05T11:30:00,15,37.44,56,40.27,777,7.77,200,0,ON_PEAK,32.0,0.45,10,0
custom_hospital_karachi,2026-07-05T11:45:00,15,37.61,56,40.49,787,7.87,200,0,ON_PEAK,32.0,0.45,10,0
custom_hospital_karachi,2026-07-05T12:00:00,15,37.75,56,40.67,794,7.94,200,0,ON_PEAK,32.0,0.45,10,0
custom_hospital_karachi,2026-07-05T12:15:00,15,37.86,55,40.82,799,7.99,200,0,ON_PEAK,32.0,0.45,10,0
custom_hospital_karachi,2026-07-05T12:30:00,15,37.94,55,40.92,800,8.00,200,0,ON_PEAK,32.0,0.45,10,0
custom_hospital_karachi,2026-07-05T12:45:00,15,37.98,55,40.98,799,7.99,200,0,ON_PEAK,32.0,0.45,10,0
custom_hospital_karachi,2026-07-05T13:00:00,15,38.00,55,41.00,794,7.94,200,0,ON_PEAK,32.0,0.45,10,0
custom_hospital_karachi,2026-07-05T13:15:00,15,37.98,55,40.98,787,7.87,200,0,ON_PEAK,32.0,0.45,10,0
custom_hospital_karachi,2026-07-05T13:30:00,15,37.94,55,40.92,777,7.77,200,0,ON_PEAK,32.0,0.45,10,0
custom_hospital_karachi,2026-07-05T13:45:00,15,37.86,55,40.82,764,7.64,200,0,ON_PEAK,32.0,0.45,10,0
custom_hospital_karachi,2026-07-05T14:00:00,15,37.75,56,40.67,748,7.48,200,0,ON_PEAK,32.0,0.45,10,0
custom_hospital_karachi,2026-07-05T14:15:00,15,37.61,56,40.49,730,7.30,200,0,ON_PEAK,32.0,0.45,10,0
custom_hospital_karachi,2026-07-05T14:30:00,15,37.44,56,40.27,708,7.08,200,0,ON_PEAK,32.0,0.45,10,0
custom_hospital_karachi,2026-07-05T14:45:00,15,37.24,57,40.01,685,6.85,200,0,ON_PEAK,32.0,0.45,10,0
custom_hospital_karachi,2026-07-05T15:00:00,15,37.01,57,39.71,658,6.58,200,0,ON_PEAK,32.0,0.45,10,0
custom_hospital_karachi,2026-07-05T15:15:00,15,36.75,57,39.38,630,6.30,200,0,ON_PEAK,32.0,0.45,10,0
custom_hospital_karachi,2026-07-05T15:30:00,15,36.47,58,39.01,599,5.99,200,0,ON_PEAK,32.0,0.45,10,0
custom_hospital_karachi,2026-07-05T15:45:00,15,36.16,59,38.60,566,5.66,200,0,ON_PEAK,32.0,0.45,10,0
custom_hospital_karachi,2026-07-05T16:00:00,15,35.82,59,38.16,530,5.30,200,1,ON_PEAK,32.0,0.45,10,0
custom_hospital_karachi,2026-07-05T16:15:00,15,35.46,60,37.69,493,4.93,200,1,ON_PEAK,32.0,0.45,10,0
custom_hospital_karachi,2026-07-05T16:30:00,15,35.07,61,37.19,454,4.54,200,1,ON_PEAK,32.0,0.45,10,0
custom_hospital_karachi,2026-07-05T16:45:00,15,34.66,62,36.66,414,4.14,200,1,ON_PEAK,32.0,0.45,10,0
custom_hospital_karachi,2026-07-05T17:00:00,15,34.23,63,36.11,372,3.72,200,1,ON_PEAK,32.0,0.45,10,0
custom_hospital_karachi,2026-07-05T17:15:00,15,33.79,63,35.52,328,3.28,200,1,ON_PEAK,32.0,0.45,10,0
custom_hospital_karachi,2026-07-05T17:30:00,15,33.32,64,34.92,284,2.84,200,1,ON_PEAK,32.0,0.45,10,0
custom_hospital_karachi,2026-07-05T17:45:00,15,32.84,65,34.29,238,2.38,200,1,ON_PEAK,32.0,0.45,10,0
custom_hospital_karachi,2026-07-05T18:00:00,15,32.34,66,33.64,191,1.91,200,1,PEAK,45.0,0.45,10,0
custom_hospital_karachi,2026-07-05T18:15:00,15,31.83,67,32.97,144,1.44,200,1,PEAK,45.0,0.45,10,0
custom_hospital_karachi,2026-07-05T18:30:00,15,31.30,68,32.29,96,0.96,200,1,PEAK,45.0,0.45,10,0
custom_hospital_karachi,2026-07-05T18:45:00,15,30.77,69,31.60,48,0.48,200,1,PEAK,45.0,0.45,10,0
custom_hospital_karachi,2026-07-05T19:00:00,15,30.23,71,30.89,0,0.00,200,1,PEAK,45.0,0.45,10,0
custom_hospital_karachi,2026-07-05T19:15:00,15,29.68,72,30.18,0,0.00,200,1,PEAK,45.0,0.45,10,0
custom_hospital_karachi,2026-07-05T19:30:00,15,29.12,73,29.46,0,0.00,200,1,PEAK,45.0,0.45,10,0
custom_hospital_karachi,2026-07-05T19:45:00,15,28.56,74,28.73,0,0.00,200,1,PEAK,45.0,0.45,10,0
custom_hospital_karachi,2026-07-05T20:00:00,15,28.00,75,28.00,0,0.00,200,1,PEAK,45.0,0.45,10,0
custom_hospital_karachi,2026-07-05T20:15:00,15,28.00,75,28.00,0,0.00,200,1,PEAK,45.0,0.45,10,0
custom_hospital_karachi,2026-07-05T20:30:00,15,28.00,75,28.00,0,0.00,200,1,PEAK,45.0,0.45,10,0
custom_hospital_karachi,2026-07-05T20:45:00,15,28.00,75,28.00,0,0.00,200,1,PEAK,45.0,0.45,10,0
custom_hospital_karachi,2026-07-05T21:00:00,15,28.00,75,28.00,0,0.00,200,1,PEAK,45.0,0.45,10,0
custom_hospital_karachi,2026-07-05T21:15:00,15,28.00,75,28.00,0,0.00,200,1,PEAK,45.0,0.45,10,0
custom_hospital_karachi,2026-07-05T21:30:00,15,28.00,75,28.00,0,0.00,200,1,PEAK,45.0,0.45,10,0
custom_hospital_karachi,2026-07-05T21:45:00,15,28.00,75,28.00,0,0.00,200,1,PEAK,45.0,0.45,10,0
custom_hospital_karachi,2026-07-05T22:00:00,15,28.00,75,28.00,0,0.00,50,1,OFF_PEAK,18.0,0.45,10,0
custom_hospital_karachi,2026-07-05T22:15:00,15,28.00,75,28.00,0,0.00,50,1,OFF_PEAK,18.0,0.45,10,0
custom_hospital_karachi,2026-07-05T22:30:00,15,28.00,75,28.00,0,0.00,50,1,OFF_PEAK,18.0,0.45,10,0
custom_hospital_karachi,2026-07-05T22:45:00,15,28.00,75,28.00,0,0.00,50,1,OFF_PEAK,18.0,0.45,10,0
custom_hospital_karachi,2026-07-05T23:00:00,15,28.00,75,28.00,0,0.00,50,1,OFF_PEAK,18.0,0.45,10,0
custom_hospital_karachi,2026-07-05T23:15:00,15,28.00,75,28.00,0,0.00,50,1,OFF_PEAK,18.0,0.45,10,0
custom_hospital_karachi,2026-07-05T23:30:00,15,28.00,75,28.00,0,0.00,50,1,OFF_PEAK,18.0,0.45,10,0
custom_hospital_karachi,2026-07-05T23:45:00,15,28.00,75,28.00,0,0.00,50,1,OFF_PEAK,18.0,0.45,10,0
custom_hospital_karachi,2026-07-06T00:00:00,15,28.00,75,28.00,0,0.00,50,1,OFF_PEAK,18.0,0.45,10,0
custom_hospital_karachi,2026-07-06T00:15:00,15,28.00,75,28.00,0,0.00,50,1,OFF_PEAK,18.0,0.45,10,0
custom_hospital_karachi,2026-07-06T00:30:00,15,28.00,75,28.00,0,0.00,50,1,OFF_PEAK,18.0,0.45,10,0
custom_hospital_karachi,2026-07-06T00:45:00,15,28.00,75,28.00,0,0.00,50,1,OFF_PEAK,18.0,0.45,10,0
custom_hospital_karachi,2026-07-06T01:00:00,15,28.00,75,28.00,0,0.00,50,1,OFF_PEAK,18.0,0.45,10,0
custom_hospital_karachi,2026-07-06T01:15:00,15,28.00,75,28.00,0,0.00,50,1,OFF_PEAK,18.0,0.45,10,0
custom_hospital_karachi,2026-07-06T01:30:00,15,28.00,75,28.00,0,0.00,50,1,OFF_PEAK,18.0,0.45,10,0
custom_hospital_karachi,2026-07-06T01:45:00,15,28.00,75,28.00,0,0.00,50,1,OFF_PEAK,18.0,0.45,10,0
custom_hospital_karachi,2026-07-06T02:00:00,15,28.00,75,28.00,0,0.00,50,1,OFF_PEAK,18.0,0.45,10,0
custom_hospital_karachi,2026-07-06T02:15:00,15,28.00,75,28.00,0,0.00,50,1,OFF_PEAK,18.0,0.45,10,0
custom_hospital_karachi,2026-07-06T02:30:00,15,28.00,75,28.00,0,0.00,50,1,OFF_PEAK,18.0,0.45,10,0
custom_hospital_karachi,2026-07-06T02:45:00,15,28.00,75,28.00,0,0.00,50,1,OFF_PEAK,18.0,0.45,10,0
custom_hospital_karachi,2026-07-06T03:00:00,15,28.00,75,28.00,0,0.00,50,1,OFF_PEAK,18.0,0.45,10,0
custom_hospital_karachi,2026-07-06T03:15:00,15,28.00,75,28.00,0,0.00,50,1,OFF_PEAK,18.0,0.45,10,0
custom_hospital_karachi,2026-07-06T03:30:00,15,28.00,75,28.00,0,0.00,50,1,OFF_PEAK,18.0,0.45,10,0
custom_hospital_karachi,2026-07-06T03:45:00,15,28.00,75,28.00,0,0.00,50,1,OFF_PEAK,18.0,0.45,10,0
custom_hospital_karachi,2026-07-06T04:00:00,15,28.00,75,28.00,0,0.00,50,1,OFF_PEAK,18.0,0.45,10,0
custom_hospital_karachi,2026-07-06T04:15:00,15,28.00,75,28.00,0,0.00,50,1,OFF_PEAK,18.0,0.45,10,0
custom_hospital_karachi,2026-07-06T04:30:00,15,28.00,75,28.00,0,0.00,50,1,OFF_PEAK,18.0,0.45,10,0
custom_hospital_karachi,2026-07-06T04:45:00,15,28.00,75,28.00,0,0.00,50,1,OFF_PEAK,18.0,0.45,10,0
custom_hospital_karachi,2026-07-06T05:00:00,15,28.00,75,28.00,0,0.00,50,1,OFF_PEAK,18.0,0.45,10,0
custom_hospital_karachi,2026-07-06T05:15:00,15,28.00,75,28.00,0,0.00,50,1,OFF_PEAK,18.0,0.45,10,0
custom_hospital_karachi,2026-07-06T05:30:00,15,28.00,75,28.00,0,0.00,50,1,OFF_PEAK,18.0,0.45,10,0
custom_hospital_karachi,2026-07-06T05:45:00,15,28.00,75,28.00,0,0.00,50,1,OFF_PEAK,18.0,0.45,10,0
custom_hospital_karachi,2026-07-06T06:00:00,15,28.00,75,28.00,0,0.00,200,1,ON_PEAK,32.0,0.45,10,0
custom_hospital_karachi,2026-07-06T06:15:00,15,28.56,74,28.73,48,0.48,200,1,ON_PEAK,32.0,0.45,10,0
custom_hospital_karachi,2026-07-06T06:30:00,15,29.12,73,29.46,96,0.96,200,1,ON_PEAK,32.0,0.45,10,0
custom_hospital_karachi,2026-07-06T06:45:00,15,29.68,72,30.18,144,1.44,200,1,ON_PEAK,32.0,0.45,10,0
custom_hospital_karachi,2026-07-06T07:00:00,15,30.23,71,30.89,191,1.91,200,1,ON_PEAK,32.0,0.45,10,0
custom_hospital_karachi,2026-07-06T07:15:00,15,30.77,69,31.60,238,2.38,200,1,ON_PEAK,32.0,0.45,10,0
custom_hospital_karachi,2026-07-06T07:30:00,15,31.30,68,32.29,284,2.84,200,1,ON_PEAK,32.0,0.45,10,0
custom_hospital_karachi,2026-07-06T07:45:00,15,31.83,67,32.97,328,3.28,200,1,ON_PEAK,32.0,0.45,10,0
custom_hospital_karachi,2026-07-06T08:00:00,15,32.34,66,33.64,372,3.72,200,1,ON_PEAK,32.0,0.45,10,0
custom_hospital_karachi,2026-07-06T08:15:00,15,32.84,65,34.29,414,4.14,200,1,ON_PEAK,32.0,0.45,10,0
custom_hospital_karachi,2026-07-06T08:30:00,15,33.32,64,34.92,454,4.54,200,1,ON_PEAK,32.0,0.45,10,0
custom_hospital_karachi,2026-07-06T08:45:00,15,33.79,63,35.52,493,4.93,200,1,ON_PEAK,32.0,0.45,10,0
custom_hospital_karachi,2026-07-06T09:00:00,15,34.23,63,36.11,530,5.30,200,1,ON_PEAK,32.0,0.45,10,0
custom_hospital_karachi,2026-07-06T09:15:00,15,34.66,62,36.66,566,5.66,200,1,ON_PEAK,32.0,0.45,10,0
custom_hospital_karachi,2026-07-06T09:30:00,15,35.07,61,37.19,599,5.99,200,1,ON_PEAK,32.0,0.45,10,0
custom_hospital_karachi,2026-07-06T09:45:00,15,35.46,60,37.69,630,6.30,200,1,ON_PEAK,32.0,0.45,10,0
custom_hospital_karachi,2026-07-06T10:00:00,15,35.82,59,38.16,658,6.58,200,1,ON_PEAK,32.0,0.45,10,0
custom_hospital_karachi,2026-07-06T10:15:00,15,36.16,59,38.60,685,6.85,200,1,ON_PEAK,32.0,0.45,10,0
custom_hospital_karachi,2026-07-06T10:30:00,15,36.47,58,39.01,708,7.08,200,1,ON_PEAK,32.0,0.45,10,0
custom_hospital_karachi,2026-07-06T10:45:00,15,36.75,57,39.38,730,7.30,200,1,ON_PEAK,32.0,0.45,10,0
custom_hospital_karachi,2026-07-06T11:00:00,15,37.01,57,39.71,748,7.48,200,1,ON_PEAK,32.0,0.45,10,0
custom_hospital_karachi,2026-07-06T11:15:00,15,37.24,57,40.01,764,7.64,200,1,ON_PEAK,32.0,0.45,10,0
custom_hospital_karachi,2026-07-06T11:30:00,15,37.44,56,40.27,777,7.77,200,1,ON_PEAK,32.0,0.45,10,0
custom_hospital_karachi,2026-07-06T11:45:00,15,37.61,56,40.49,787,7.87,200,1,ON_PEAK,32.0,0.45,10,0
custom_hospital_karachi,2026-07-06T12:00:00,15,37.75,56,40.67,794,7.94,200,1,ON_PEAK,32.0,0.45,10,0
custom_hospital_karachi,2026-07-06T12:15:00,15,37.86,55,40.82,799,7.99,200,1,ON_PEAK,32.0,0.45,10,0
custom_hospital_karachi,2026-07-06T12:30:00,15,37.94,55,40.92,800,8.00,200,1,ON_PEAK,32.0,0.45,10,0
custom_hospital_karachi,2026-07-06T12:45:00,15,37.98,55,40.98,799,7.99,200,1,ON_PEAK,32.0,0.45,10,0
custom_hospital_karachi,2026-07-06T13:00:00,15,38.00,55,41.00,794,7.94,200,1,ON_PEAK,32.0,0.45,10,0
custom_hospital_karachi,2026-07-06T13:15:00,15,37.98,55,40.98,787,7.87,200,1,ON_PEAK,32.0,0.45,10,0
custom_hospital_karachi,2026-07-06T13:30:00,15,37.94,55,40.92,777,7.77,200,1,ON_PEAK,32.0,0.45,10,0
custom_hospital_karachi,2026-07-06T13:45:00,15,37.86,55,40.82,764,7.64,200,1,ON_PEAK,32.0,0.45,10,0
custom_hospital_karachi,2026-07-06T14:00:00,15,37.75,56,40.67,748,7.48,200,1,ON_PEAK,32.0,0.45,10,0
custom_hospital_karachi,2026-07-06T14:15:00,15,37.61,56,40.49,730,7.30,200,1,ON_PEAK,32.0,0.45,10,0
custom_hospital_karachi,2026-07-06T14:30:00,15,37.44,56,40.27,708,7.08,200,1,ON_PEAK,32.0,0.45,10,0
custom_hospital_karachi,2026-07-06T14:45:00,15,37.24,57,40.01,685,6.85,200,1,ON_PEAK,32.0,0.45,10,0
custom_hospital_karachi,2026-07-06T15:00:00,15,37.01,57,39.71,658,6.58,200,1,ON_PEAK,32.0,0.45,10,0
custom_hospital_karachi,2026-07-06T15:15:00,15,36.75,57,39.38,630,6.30,200,1,ON_PEAK,32.0,0.45,10,0
custom_hospital_karachi,2026-07-06T15:30:00,15,36.47,58,39.01,599,5.99,200,1,ON_PEAK,32.0,0.45,10,0
custom_hospital_karachi,2026-07-06T15:45:00,15,36.16,59,38.60,566,5.66,200,1,ON_PEAK,32.0,0.45,10,0
custom_hospital_karachi,2026-07-06T16:00:00,15,35.82,59,38.16,530,5.30,200,1,ON_PEAK,32.0,0.45,10,0
custom_hospital_karachi,2026-07-06T16:15:00,15,35.46,60,37.69,493,4.93,200,1,ON_PEAK,32.0,0.45,10,0
custom_hospital_karachi,2026-07-06T16:30:00,15,35.07,61,37.19,454,4.54,200,1,ON_PEAK,32.0,0.45,10,0
custom_hospital_karachi,2026-07-06T16:45:00,15,34.66,62,36.66,414,4.14,200,1,ON_PEAK,32.0,0.45,10,0
custom_hospital_karachi,2026-07-06T17:00:00,15,34.23,63,36.11,372,3.72,200,1,ON_PEAK,32.0,0.45,10,0
custom_hospital_karachi,2026-07-06T17:15:00,15,33.79,63,35.52,328,3.28,200,1,ON_PEAK,32.0,0.45,10,0
custom_hospital_karachi,2026-07-06T17:30:00,15,33.32,64,34.92,284,2.84,200,1,ON_PEAK,32.0,0.45,10,0
custom_hospital_karachi,2026-07-06T17:45:00,15,32.84,65,34.29,238,2.38,200,1,ON_PEAK,32.0,0.45,10,0
custom_hospital_karachi,2026-07-06T18:00:00,15,32.34,66,33.64,191,1.91,200,1,PEAK,45.0,0.45,10,0
custom_hospital_karachi,2026-07-06T18:15:00,15,31.83,67,32.97,144,1.44,200,1,PEAK,45.0,0.45,10,0
custom_hospital_karachi,2026-07-06T18:30:00,15,31.30,68,32.29,96,0.96,200,1,PEAK,45.0,0.45,10,0
custom_hospital_karachi,2026-07-06T18:45:00,15,30.77,69,31.60,48,0.48,200,1,PEAK,45.0,0.45,10,0
custom_hospital_karachi,2026-07-06T19:00:00,15,30.23,71,30.89,0,0.00,200,1,PEAK,45.0,0.45,10,0
custom_hospital_karachi,2026-07-06T19:15:00,15,29.68,72,30.18,0,0.00,200,1,PEAK,45.0,0.45,10,0
custom_hospital_karachi,2026-07-06T19:30:00,15,29.12,73,29.46,0,0.00,200,1,PEAK,45.0,0.45,10,0
custom_hospital_karachi,2026-07-06T19:45:00,15,28.56,74,28.73,0,0.00,200,1,PEAK,45.0,0.45,10,0
custom_hospital_karachi,2026-07-06T20:00:00,15,28.00,75,28.00,0,0.00,200,1,PEAK,45.0,0.45,10,0
custom_hospital_karachi,2026-07-06T20:15:00,15,28.00,75,28.00,0,0.00,200,1,PEAK,45.0,0.45,10,0
custom_hospital_karachi,2026-07-06T20:30:00,15,28.00,75,28.00,0,0.00,200,1,PEAK,45.0,0.45,10,0
custom_hospital_karachi,2026-07-06T20:45:00,15,28.00,75,28.00,0,0.00,200,1,PEAK,45.0,0.45,10,0
custom_hospital_karachi,2026-07-06T21:00:00,15,28.00,75,28.00,0,0.00,200,1,PEAK,45.0,0.45,10,0
custom_hospital_karachi,2026-07-06T21:15:00,15,28.00,75,28.00,0,0.00,200,1,PEAK,45.0,0.45,10,0
custom_hospital_karachi,2026-07-06T21:30:00,15,28.00,75,28.00,0,0.00,200,1,PEAK,45.0,0.45,10,0
custom_hospital_karachi,2026-07-06T21:45:00,15,28.00,75,28.00,0,0.00,200,1,PEAK,45.0,0.45,10,0
custom_hospital_karachi,2026-07-06T22:00:00,15,28.00,75,28.00,0,0.00,50,1,OFF_PEAK,18.0,0.45,10,0
custom_hospital_karachi,2026-07-06T22:15:00,15,28.00,75,28.00,0,0.00,50,1,OFF_PEAK,18.0,0.45,10,0
custom_hospital_karachi,2026-07-06T22:30:00,15,28.00,75,28.00,0,0.00,50,1,OFF_PEAK,18.0,0.45,10,0
custom_hospital_karachi,2026-07-06T22:45:00,15,28.00,75,28.00,0,0.00,50,1,OFF_PEAK,18.0,0.45,10,0
custom_hospital_karachi,2026-07-06T23:00:00,15,28.00,75,28.00,0,0.00,50,1,OFF_PEAK,18.0,0.45,10,0
custom_hospital_karachi,2026-07-06T23:15:00,15,28.00,75,28.00,0,0.00,50,1,OFF_PEAK,18.0,0.45,10,0
custom_hospital_karachi,2026-07-06T23:30:00,15,28.00,75,28.00,0,0.00,50,1,OFF_PEAK,18.0,0.45,10,0
custom_hospital_karachi,2026-07-06T23:45:00,15,28.00,75,28.00,0,0.00,50,1,OFF_PEAK,18.0,0.45,10,0
custom_hospital_karachi,2026-07-07T00:00:00,15,28.00,75,28.00,0,0.00,50,1,OFF_PEAK,18.0,0.45,10,0
custom_hospital_karachi,2026-07-07T00:15:00,15,28.00,75,28.00,0,0.00,50,1,OFF_PEAK,18.0,0.45,10,0
custom_hospital_karachi,2026-07-07T00:30:00,15,28.00,75,28.00,0,0.00,50,1,OFF_PEAK,18.0,0.45,10,0
custom_hospital_karachi,2026-07-07T00:45:00,15,28.00,75,28.00,0,0.00,50,1,OFF_PEAK,18.0,0.45,10,0
custom_hospital_karachi,2026-07-07T01:00:00,15,28.00,75,28.00,0,0.00,50,1,OFF_PEAK,18.0,0.45,10,0
custom_hospital_karachi,2026-07-07T01:15:00,15,28.00,75,28.00,0,0.00,50,1,OFF_PEAK,18.0,0.45,10,0
custom_hospital_karachi,2026-07-07T01:30:00,15,28.00,75,28.00,0,0.00,50,1,OFF_PEAK,18.0,0.45,10,0
custom_hospital_karachi,2026-07-07T01:45:00,15,28.00,75,28.00,0,0.00,50,1,OFF_PEAK,18.0,0.45,10,0
custom_hospital_karachi,2026-07-07T02:00:00,15,28.00,75,28.00,0,0.00,50,1,OFF_PEAK,18.0,0.45,10,0
custom_hospital_karachi,2026-07-07T02:15:00,15,28.00,75,28.00,0,0.00,50,1,OFF_PEAK,18.0,0.45,10,0
custom_hospital_karachi,2026-07-07T02:30:00,15,28.00,75,28.00,0,0.00,50,1,OFF_PEAK,18.0,0.45,10,0
custom_hospital_karachi,2026-07-07T02:45:00,15,28.00,75,28.00,0,0.00,50,1,OFF_PEAK,18.0,0.45,10,0
custom_hospital_karachi,2026-07-07T03:00:00,15,28.00,75,28.00,0,0.00,50,1,OFF_PEAK,18.0,0.45,10,0
custom_hospital_karachi,2026-07-07T03:15:00,15,28.00,75,28.00,0,0.00,50,1,OFF_PEAK,18.0,0.45,10,0
custom_hospital_karachi,2026-07-07T03:30:00,15,28.00,75,28.00,0,0.00,50,1,OFF_PEAK,18.0,0.45,10,0
custom_hospital_karachi,2026-07-07T03:45:00,15,28.00,75,28.00,0,0.00,50,1,OFF_PEAK,18.0,0.45,10,0
custom_hospital_karachi,2026-07-07T04:00:00,15,28.00,75,28.00,0,0.00,50,1,OFF_PEAK,18.0,0.45,10,0
custom_hospital_karachi,2026-07-07T04:15:00,15,28.00,75,28.00,0,0.00,50,1,OFF_PEAK,18.0,0.45,10,0
custom_hospital_karachi,2026-07-07T04:30:00,15,28.00,75,28.00,0,0.00,50,1,OFF_PEAK,18.0,0.45,10,0
custom_hospital_karachi,2026-07-07T04:45:00,15,28.00,75,28.00,0,0.00,50,1,OFF_PEAK,18.0,0.45,10,0
custom_hospital_karachi,2026-07-07T05:00:00,15,28.00,75,28.00,0,0.00,50,1,OFF_PEAK,18.0,0.45,10,0
custom_hospital_karachi,2026-07-07T05:15:00,15,28.00,75,28.00,0,0.00,50,1,OFF_PEAK,18.0,0.45,10,0
custom_hospital_karachi,2026-07-07T05:30:00,15,28.00,75,28.00,0,0.00,50,1,OFF_PEAK,18.0,0.45,10,0
custom_hospital_karachi,2026-07-07T05:45:00,15,28.00,75,28.00,0,0.00,50,1,OFF_PEAK,18.0,0.45,10,0
custom_hospital_karachi,2026-07-07T06:00:00,15,28.00,75,28.00,0,0.00,200,1,ON_PEAK,32.0,0.45,10,0
custom_hospital_karachi,2026-07-07T06:15:00,15,28.56,74,28.73,48,0.48,200,1,ON_PEAK,32.0,0.45,10,0
custom_hospital_karachi,2026-07-07T06:30:00,15,29.12,73,29.46,96,0.96,200,1,ON_PEAK,32.0,0.45,10,0
custom_hospital_karachi,2026-07-07T06:45:00,15,29.68,72,30.18,144,1.44,200,1,ON_PEAK,32.0,0.45,10,0
custom_hospital_karachi,2026-07-07T07:00:00,15,30.23,71,30.89,191,1.91,200,1,ON_PEAK,32.0,0.45,10,0
custom_hospital_karachi,2026-07-07T07:15:00,15,30.77,69,31.60,238,2.38,200,1,ON_PEAK,32.0,0.45,10,0
custom_hospital_karachi,2026-07-07T07:30:00,15,31.30,68,32.29,284,2.84,200,1,ON_PEAK,32.0,0.45,10,0
custom_hospital_karachi,2026-07-07T07:45:00,15,31.83,67,32.97,328,3.28,200,1,ON_PEAK,32.0,0.45,10,0
custom_hospital_karachi,2026-07-07T08:00:00,15,32.34,66,33.64,372,3.72,200,1,ON_PEAK,32.0,0.45,10,0
custom_hospital_karachi,2026-07-07T08:15:00,15,32.84,65,34.29,414,4.14,200,1,ON_PEAK,32.0,0.45,10,0
custom_hospital_karachi,2026-07-07T08:30:00,15,33.32,64,34.92,454,4.54,200,1,ON_PEAK,32.0,0.45,10,0
custom_hospital_karachi,2026-07-07T08:45:00,15,33.79,63,35.52,493,4.93,200,1,ON_PEAK,32.0,0.45,10,0
custom_hospital_karachi,2026-07-07T09:00:00,15,34.23,63,36.11,530,5.30,200,1,ON_PEAK,32.0,0.45,10,0
custom_hospital_karachi,2026-07-07T09:15:00,15,34.66,62,36.66,566,5.66,200,1,ON_PEAK,32.0,0.45,10,0
custom_hospital_karachi,2026-07-07T09:30:00,15,35.07,61,37.19,599,5.99,200,1,ON_PEAK,32.0,0.45,10,0
custom_hospital_karachi,2026-07-07T09:45:00,15,35.46,60,37.69,630,6.30,200,1,ON_PEAK,32.0,0.45,10,0
custom_hospital_karachi,2026-07-07T10:00:00,15,35.82,59,38.16,658,6.58,200,1,ON_PEAK,32.0,0.45,10,0
custom_hospital_karachi,2026-07-07T10:15:00,15,36.16,59,38.60,685,6.85,200,1,ON_PEAK,32.0,0.45,10,0
custom_hospital_karachi,2026-07-07T10:30:00,15,36.47,58,39.01,708,7.08,200,1,ON_PEAK,32.0,0.45,10,0
custom_hospital_karachi,2026-07-07T10:45:00,15,36.75,57,39.38,730,7.30,200,1,ON_PEAK,32.0,0.45,10,0
custom_hospital_karachi,2026-07-07T11:00:00,15,37.01,57,39.71,748,7.48,200,1,ON_PEAK,32.0,0.45,10,0
custom_hospital_karachi,2026-07-07T11:15:00,15,37.24,57,40.01,764,7.64,200,1,ON_PEAK,32.0,0.45,10,0
custom_hospital_karachi,2026-07-07T11:30:00,15,37.44,56,40.27,777,7.77,200,1,ON_PEAK,32.0,0.45,10,0
custom_hospital_karachi,2026-07-07T11:45:00,15,37.61,56,40.49,787,7.87,200,1,ON_PEAK,32.0,0.45,10,0
custom_hospital_karachi,2026-07-07T12:00:00,15,37.75,56,40.67,794,7.94,200,1,ON_PEAK,32.0,0.45,10,0
custom_hospital_karachi,2026-07-07T12:15:00,15,37.86,55,40.82,799,7.99,200,1,ON_PEAK,32.0,0.45,10,0
custom_hospital_karachi,2026-07-07T12:30:00,15,37.94,55,40.92,800,8.00,200,1,ON_PEAK,32.0,0.45,10,0
custom_hospital_karachi,2026-07-07T12:45:00,15,37.98,55,40.98,799,7.99,200,1,ON_PEAK,32.0,0.45,10,0
custom_hospital_karachi,2026-07-07T13:00:00,15,38.00,55,41.00,794,7.94,200,1,ON_PEAK,32.0,0.45,10,0
custom_hospital_karachi,2026-07-07T13:15:00,15,37.98,55,40.98,787,7.87,200,1,ON_PEAK,32.0,0.45,10,0
custom_hospital_karachi,2026-07-07T13:30:00,15,37.94,55,40.92,777,7.77,200,1,ON_PEAK,32.0,0.45,10,0
custom_hospital_karachi,2026-07-07T13:45:00,15,37.86,55,40.82,764,7.64,200,1,ON_PEAK,32.0,0.45,10,0
custom_hospital_karachi,2026-07-07T14:00:00,15,37.75,56,40.67,748,7.48,200,1,ON_PEAK,32.0,0.45,10,0
custom_hospital_karachi,2026-07-07T14:15:00,15,37.61,56,40.49,730,7.30,200,1,ON_PEAK,32.0,0.45,10,0
custom_hospital_karachi,2026-07-07T14:30:00,15,37.44,56,40.27,708,7.08,200,1,ON_PEAK,32.0,0.45,10,0
custom_hospital_karachi,2026-07-07T14:45:00,15,37.24,57,40.01,685,6.85,200,1,ON_PEAK,32.0,0.45,10,0
custom_hospital_karachi,2026-07-07T15:00:00,15,37.01,57,39.71,658,6.58,200,1,ON_PEAK,32.0,0.45,10,0
custom_hospital_karachi,2026-07-07T15:15:00,15,36.75,57,39.38,630,6.30,200,1,ON_PEAK,32.0,0.45,10,0
custom_hospital_karachi,2026-07-07T15:30:00,15,36.47,58,39.01,599,5.99,200,1,ON_PEAK,32.0,0.45,10,0
custom_hospital_karachi,2026-07-07T15:45:00,15,36.16,59,38.60,566,5.66,200,1,ON_PEAK,32.0,0.45,10,0
custom_hospital_karachi,2026-07-07T16:00:00,15,35.82,59,38.16,530,5.30,200,1,ON_PEAK,32.0,0.45,10,0
custom_hospital_karachi,2026-07-07T16:15:00,15,35.46,60,37.69,493,4.93,200,1,ON_PEAK,32.0,0.45,10,0
custom_hospital_karachi,2026-07-07T16:30:00,15,35.07,61,37.19,454,4.54,200,1,ON_PEAK,32.0,0.45,10,0
custom_hospital_karachi,2026-07-07T16:45:00,15,34.66,62,36.66,414,4.14,200,1,ON_PEAK,32.0,0.45,10,0
custom_hospital_karachi,2026-07-07T17:00:00,15,34.23,63,36.11,372,3.72,200,1,ON_PEAK,32.0,0.45,10,0
custom_hospital_karachi,2026-07-07T17:15:00,15,33.79,63,35.52,328,3.28,200,1,ON_PEAK,32.0,0.45,10,0
custom_hospital_karachi,2026-07-07T17:30:00,15,33.32,64,34.92,284,2.84,200,1,ON_PEAK,32.0,0.45,10,0
custom_hospital_karachi,2026-07-07T17:45:00,15,32.84,65,34.29,238,2.38,200,1,ON_PEAK,32.0,0.45,10,0
custom_hospital_karachi,2026-07-07T18:00:00,15,32.34,66,33.64,191,1.91,200,1,PEAK,45.0,0.45,10,0
custom_hospital_karachi,2026-07-07T18:15:00,15,31.83,67,32.97,144,1.44,200,1,PEAK,45.0,0.45,10,0
custom_hospital_karachi,2026-07-07T18:30:00,15,31.30,68,32.29,96,0.96,200,1,PEAK,45.0,0.45,10,0
custom_hospital_karachi,2026-07-07T18:45:00,15,30.77,69,31.60,48,0.48,200,1,PEAK,45.0,0.45,10,0
custom_hospital_karachi,2026-07-07T19:00:00,15,30.23,71,30.89,0,0.00,200,1,PEAK,45.0,0.45,10,0
custom_hospital_karachi,2026-07-07T19:15:00,15,29.68,72,30.18,0,0.00,200,1,PEAK,45.0,0.45,10,0
custom_hospital_karachi,2026-07-07T19:30:00,15,29.12,73,29.46,0,0.00,200,1,PEAK,45.0,0.45,10,0
custom_hospital_karachi,2026-07-07T19:45:00,15,28.56,74,28.73,0,0.00,200,1,PEAK,45.0,0.45,10,0
custom_hospital_karachi,2026-07-07T20:00:00,15,28.00,75,28.00,0,0.00,200,1,PEAK,45.0,0.45,10,0
custom_hospital_karachi,2026-07-07T20:15:00,15,28.00,75,28.00,0,0.00,200,1,PEAK,45.0,0.45,10,0
custom_hospital_karachi,2026-07-07T20:30:00,15,28.00,75,28.00,0,0.00,200,1,PEAK,45.0,0.45,10,0
custom_hospital_karachi,2026-07-07T20:45:00,15,28.00,75,28.00,0,0.00,200,1,PEAK,45.0,0.45,10,0
custom_hospital_karachi,2026-07-07T21:00:00,15,28.00,75,28.00,0,0.00,200,1,PEAK,45.0,0.45,10,0
custom_hospital_karachi,2026-07-07T21:15:00,15,28.00,75,28.00,0,0.00,200,1,PEAK,45.0,0.45,10,0
custom_hospital_karachi,2026-07-07T21:30:00,15,28.00,75,28.00,0,0.00,200,1,PEAK,45.0,0.45,10,0
custom_hospital_karachi,2026-07-07T21:45:00,15,28.00,75,28.00,0,0.00,200,1,PEAK,45.0,0.45,10,0
custom_hospital_karachi,2026-07-07T22:00:00,15,28.00,75,28.00,0,0.00,50,1,OFF_PEAK,18.0,0.45,10,0
custom_hospital_karachi,2026-07-07T22:15:00,15,28.00,75,28.00,0,0.00,50,1,OFF_PEAK,18.0,0.45,10,0
custom_hospital_karachi,2026-07-07T22:30:00,15,28.00,75,28.00,0,0.00,50,1,OFF_PEAK,18.0,0.45,10,0
custom_hospital_karachi,2026-07-07T22:45:00,15,28.00,75,28.00,0,0.00,50,1,OFF_PEAK,18.0,0.45,10,0
custom_hospital_karachi,2026-07-07T23:00:00,15,28.00,75,28.00,0,0.00,50,1,OFF_PEAK,18.0,0.45,10,0
custom_hospital_karachi,2026-07-07T23:15:00,15,28.00,75,28.00,0,0.00,50,1,OFF_PEAK,18.0,0.45,10,0
custom_hospital_karachi,2026-07-07T23:30:00,15,28.00,75,28.00,0,0.00,50,1,OFF_PEAK,18.0,0.45,10,0
custom_hospital_karachi,2026-07-07T23:45:00,15,28.00,75,28.00,0,0.00,50,1,OFF_PEAK,18.0,0.45,10,0